word,flag,count,,,,
公司,n,5191,,董事,n,569
原告,n,1146,,管理人员,n,559
被告,n,1020,,高级,b,551
规定,n,1007,,义务,n,442
为,p,996,,股东,n,421
在,p,880,,违反,v,408
与,p,827,,监事,n,236
元,m,824,,忠实,a,209
本院,n,694,,公司章程,n,206
年,m,689,,竞业禁止,l,158
月,m,652,,同类,n,152
对,p,640,,商业机会,nt,152
证据,n,627,,,,
和,c,576,,,,
董事,n,569,,,,
管理人员,n,559,,,,
高级,b,551,,,,
判决,v,530,,,,
有限公司,n,508,,,,
由,p,481,,,,
并,c,475,,,,
或者,c,468,,,,
本案,r,466,,,,
是,v,462,,,,
日,m,452,,,,
义务,n,442,,,,
及,c,423,,,,
股东,n,421,,,,
"	",x,410,,,,
违反,v,408,,,,
该,r,407,,,,
中,f,403,,,,
证明,n,401,,,,
不,d,399,,,,
公司法,n,397,,,,
经营,vn,384,,,,
中华人民共和国,ns,380,,,,
主张,n,379,,,,
应当,v,371,,,,
关于,p,345,,,,
行为,v,334,,,,
事实,n,332,,,,
本,r,332,,,,
利益,n,319,,,,
负担,v,307,,,,
有,v,306,,,,
上诉,v,299,,,,
于,p,299,,,,
合同,a,298,,,,
收入,v,296,,,,
业务,n,290,,,,
案件,n,284,,,,
承担,v,282,,,,
但,c,276,,,,
提供,v,275,,,,
法律,n,267,,,,
认定,v,267,,,,
是否,v,265,,,,
期间,f,262,,,,
受理费,n,256,,,,
上海,ns,254,,,,
不予,v,254,,,,
当事人,n,246,,,,
项目,n,240,,,,
职务,n,239,,,,
责任,n,239,,,,
如下,t,236,,,,
未,d,236,,,,
监事,n,236,,,,
向,p,234,,,,
损害,v,234,,,,
诉讼,vn,234,,,,
诉讼请求,n,231,,,,
支付,v,229,,,,
根据,p,229,,,,
予以,v,223,,,,
属于,v,222,,,,
存在,v,221,,,,
赔偿,v,220,,,,
故,n,214,,,,
系,v,214,,,,
他人,r,213,,,,
以,p,213,,,,
股东会,n,211,,,,
之,u,209,,,,
忠实,a,209,,,,
均,d,208,,,,
应,v,208,,,,
成立,v,208,,,,
要求,v,207,,,,
一,m,206,,,,
公司章程,n,206,,,,
"
",x,205,,,,
人,n,205,,,,
不能,v,202,,,,
而,c,202,,,,
损失,n,200,,,,
上述,b,197,,,,
一审,n,196,,,,
支持,v,195,,,,
依据,p,194,,,,
民事,n,193,,,,
也,d,187,,,,
作为,v,187,,,,
等,u,185,,,,
投资,vn,182,,,,
提出,v,182,,,,
他,r,178,,,,
给,p,177,,,,
上诉人,n,176,,,,
归入,v,175,,,,
之日起,ns,173,,,,
实际,n,173,,,,
对于,p,173,,,,
提交,v,173,,,,
进行,v,173,,,,
同意,d,172,,,,
情况,n,172,,,,
按,p,172,,,,
履行,v,170,,,,
将,d,167,,,,
提起,v,165,,,,
诉讼法,n,163,,,,
所有,b,161,,,,
关系,n,159,,,,
认为,v,159,,,,
万元,m,158,,,,
所得,v,158,,,,
竞业禁止,lv,158,,,,
1,m,157,,,,
人民法院,nt,156,,,,
执行,v,156,,,,
没有,v,155,,,,
确认,v,154,,,,
利用,n,153,,,,
同类,n,152,,,,
商业机会,nt,152,,,,
担任,v,152,,,,
请求,v,152,,,,
从,p,151,,,,
后,f,150,,,,
法院,n,149,,,,
驳回,v,149,,,,
协议,n,145,,,,
二审,b,144,,,,
可,v,142,,,,
判决书,v,141,,,,
相关,v,141,,,,
上,f,139,,,,
洪谦,nr,139,,,,
不得,v,138,,,,
可以,c,138,,,,
或,c,137,,,,
亦,d,136,,,,
如,v,136,,,,
百世,n,136,,,,
自己,r,136,,,,
康,nr,135,,,,
所,c,135,,,,
因,p,130,,,,
权,n,130,,,,
经,n,130,,,,
行使,n,128,,,,
争议,n,127,,,,
3,m,126,,,,
对方,n,126,,,,
…,x,125,,,,
不服,v,125,,,,
未经,d,125,,,,
设立,v,125,,,,
内向,n,124,,,,
因此,c,124,,,,
真实性,n,124,,,,
法定代表,n,122,,,,
人数,n,121,,,,
至,p,118,,,,
二,m,117,,,,
三,m,116,,,,
交易,n,116,,,,
决议,n,116,,,,
相应,v,116,,,,
7,m,114,,,,
任职,v,114,,,,
送达,v,114,,,,
问题,n,114,,,,
董事会,n,113,,,,
造成,v,113,,,,
经理,n,112,,,,
上诉状,n,109,,,,
副本,n,109,,,,
递交,v,108,,,,
即,v,107,,,,
管理,vn,107,,,,
股权,n,107,,,,
自营,vn,107,,,,
谋取,v,107,,,,
10,m,106,,,,
便利,a,106,,,,
归,v,105,,,,
总经理,n,105,,,,
焦点,n,105,,,,
转让,v,105,,,,
十五日,m,104,,,,
就,d,104,,,,
签订,v,104,,,,
部分,n,103,,,,
款项,n,100,,,,
举证,v,99,,,,
科技,n,99,,,,
12,m,98,,,,
号,m,98,,,,
派华,nz,98,,,,
以及,c,97,,,,
认可,v,97,,,,
负有,v,97,,,,
约定,v,96,,,,
贝因美,nr,96,,,,
销售,vn,95,,,,
利息,n,93,,,,
经营范围,n,93,,,,
%,x,92,,,,
4,m,92,,,,
5,m,92,,,,
无,v,92,,,,
依法,n,91,,,,
内容,n,90,,,,
对此,d,90,,,,
权利,n,90,,,,
2018,m,89,,,,
双方,n,89,,,,
时,n,89,,,,
北京,ns,88,,,,
终审判决,nr,88,,,,
股东大会,n,88,,,,
作出,v,87,,,,
内,n,87,,,,
获得,v,87,,,,
(,x,86,,,,
),x,86,,,,
主体,n,86,,,,
生效,n,86,,,,
纠纷,n,86,,,,
两,m,85,,,,
股份,n,85,,,,
之间,f,84,,,,
应予,v,84,,,,
所,b,84,,,,
行政,n,84,,,,
身份,n,84,,,,
6,m,83,,,,
人员,n,83,,,,
具有,v,83,,,,
并未,d,83,,,,
返还,v,81,,,,
利润,n,80,,,,
名义,n,79,,,,
成武,nr,79,,,,
按照,p,79,,,,
故,c,79,,,,
法律依据,l,79,,,,
法规,n,79,,,,
申请,v,79,,,,
肖,nr,79,,,,
起诉,v,79,,,,
金额,n,79,,,,
高管,n,79,,,,
2017,m,78,,,,
中级,b,78,,,,
财务,n,78,,,,
适用,v,78,,,,
下,f,77,,,,
原审,n,77,,,,
合作,vn,77,,,,
驳回上诉,n,77,,,,
2,m,76,,,,
2015,m,76,,,,
9,m,76,,,,
共同,d,76,,,,
确定,v,76,,,,
勤勉,ad,75,,,,
有限责任,l,75,,,,
通过,p,75,,,,
综上,n,74,,,,
债务,n,73,,,,
同时,c,73,,,,
并非,c,73,,,,
取得,v,72,,,,
工作,vn,72,,,,
理由,n,72,,,,
缺乏,v,71,,,,
情形,n,70,,,,
关联,ns,69,,,,
最高人民法院,nt,69,,,,
登记,v,69,,,,
负责人,n,69,,,,
2013,m,68,,,,
包括,v,68,,,,
数额,n,68,,,,
无法,n,68,,,,
费用,n,68,,,,
2014,m,67,,,,
代表,n,67,,,,
委托,n,67,,,,
构成,v,67,,,,
维持原判,n,67,,,,
虽然,c,67,,,,
租赁,v,66,,,,
裁定,v,66,,,,
持有,v,65,,,,
时间,n,65,,,,
计算,v,65,,,,
采信,v,65,,,,
8,m,64,,,,
中国,ns,64,,,,
浦飞尔,nr,64,,,,
符合,v,64,,,,
金徕居,nr,64,,,,
前款,n,63,,,,
2012,m,62,,,,
结合,v,62,,,,
被上诉人,n,62,,,,
账户,n,62,,,,
加倍,m,61,,,,
明确,ad,61,,,,
综上所述,c,61,,,,
迟延,nr,61,,,,
11,m,60,,,,
处理,v,60,,,,
实施,v,60,,,,
发生,v,59,,,,
审理,vn,59,,,,
显示,v,59,,,,
某,r,59,,,,
称,v,59,,,,
维持,v,59,,,,
财产,n,59,,,,
支出,v,58,,,,
直接,ad,58,,,,
被,p,58,,,,
个,m,57,,,,
分公司,n,57,,,,
资金,n,57,,,,
成本,n,56,,,,
新,a,56,,,,
沈阳,ns,56,,,,
职权,n,56,,,,
从事,v,55,,,,
全部,n,55,,,,
明州,nr,55,,,,
李金辉,nr,55,,,,
涉,v,55,,,,
下列,v,54,,,,
仅,d,54,,,,
据此,d,54,,,,
人民币,n,53,,,,
负责,v,53,,,,
首先,d,53,,,,
2016,m,52,,,,
信息,n,52,,,,
宝斯乐,nr,52,,,,
控制,v,52,,,,
有权,n,52,,,,
材料,n,52,,,,
生产,vn,52,,,,
个人,n,51,,,,
出资,vn,51,,,,
制作,vn,51,,,,
变更,v,51,,,,
津陵,ns,51,,,,
上海市,ns,50,,,,
原,n,50,,,,
廊坊,ns,50,,,,
技术,n,50,,,,
李,nr,50,,,,
监事会,n,50,,,,
记载,v,50,,,,
后果,n,49,,,,
工资,vn,49,,,,
该证据,n,49,,,,
侵权,v,48,,,,
凭证,n,48,,,,
副经理,n,48,,,,
参与,v,48,,,,
塔,j,48,,,,
宽,a,48,,,,
山宇,nr,48,,,,
并无不当,l,48,,,,
方式,n,48,,,,
无异议,l,48,,,,
潘玉华,nr,48,,,,
盛世,nr,48,,,,
不足以,v,47,,,,
乐辉,nr,47,,,,
合计,vn,47,,,,
明州,ns,47,,,,
服务,vn,47,,,,
未能,v,47,,,,
获金,n,47,,,,
设备,vn,47,,,,
基于,p,46,,,,
客户,n,46,,,,
意见,n,46,,,,
收取,v,46,,,,
正确,ad,46,,,,
不是,c,45,,,,
余,m,45,,,,
使用,v,45,,,,
公章,n,45,,,,
抗辩,v,45,,,,
解释,v,45,,,,
诉请,v,45,,,,
陈述,nr,45,,,,
主要,b,44,,,,
决定,v,44,,,,
员工,n,44,,,,
离职,v,44,,,,
载明,v,44,,,,
遵守,v,44,,,,
2011,m,43,,,,
一审判决,nr,43,,,,
到,v,43,,,,
杉杉,nz,43,,,,
30,m,42,,,,
侵害,v,42,,,,
具体,a,42,,,,
案,ng,42,,,,
说明,v,42,,,,
达,v,42,,,,
东莞,ns,41,,,,
企业,n,41,,,,
劳动合同,l,41,,,,
聘任,v,41,,,,
范围,n,41,,,,
药房,n,41,,,,
表示,v,41,,,,
适用法律,l,41,,,,
事实清楚,l,40,,,,
佐证,n,40,,,,
博雅,nr,40,,,,
启明,v,40,,,,
处,n,40,,,,
实业,n,40,,,,
我国,r,40,,,,
有关,vn,40,,,,
签署,v,40,,,,
设,v,40,,,,
诉讼时效,n,40,,,,
*,x,39,,,,
-,x,39,,,,
书面,n,39,,,,
享有,v,39,,,,
克拉,nrt,39,,,,
前述,b,39,,,,
发票,n,39,,,,
审查,vn,39,,,,
形成,v,39,,,,
查明,nr,39,,,,
科传,nr,39,,,,
竞争,vn,39,,,,
美,ns,39,,,,
之前,f,38,,,,
指,n,38,,,,
案外人,n,38,,,,
活动,vn,38,,,,
章程,n,38,,,,
保健,nr,37,,,,
内,f,37,,,,
则,d,37,,,,
前,f,37,,,,
十日,t,37,,,,
收益,n,37,,,,
时,ng,37,,,,
款,m,37,,,,
王新岩,nr,37,,,,
若干,m,37,,,,
该项,r,37,,,,
鑫,nr,37,,,,
不利,a,36,,,,
产品,n,36,,,,
任何,r,36,,,,
保全费,n,36,,,,
副总经理,n,36,,,,
如果,c,36,,,,
审计,v,36,,,,
对外,s,36,,,,
流水线,n,36,,,,
液压,n,36,,,,
表妹,n,36,,,,
1,x,35,,,,
不再,d,35,,,,
代表人,n,35,,,,
以上,f,35,,,,
冯华桥,nr,35,,,,
出具,v,35,,,,
外,f,35,,,,
指定,v,35,,,,
法定,n,35,,,,
租金,n,35,,,,
通知,v,35,,,,
分别,d,34,,,,
又,d,34,,,,
各,r,34,,,,
基础,n,34,,,,
大,n,34,,,,
完成,v,34,,,,
工商登记,n,34,,,,
广州,ns,34,,,,
报销,v,34,,,,
签字,v,34,,,,
自,r,34,,,,
解除,v,34,,,,
谢芳,nr,34,,,,
质证,j,34,,,,
过,ug,34,,,,
还,d,34,,,,
金,nr,34,,,,
锂宇,nz,34,,,,
需要,v,34,,,,
天津,ns,33,,,,
宁波,ns,33,,,,
必须,d,33,,,,
折,v,33,,,,
损害赔偿,n,33,,,,
条款,n,33,,,,
第一项,m,33,,,,
过程,n,33,,,,
金天鹏,nr,33,,,,
针对,p,33,,,,
16,m,32,,,,
一份,m,32,,,,
中瑞,ns,32,,,,
众,ng,32,,,,
但是,c,32,,,,
侵权行为,n,32,,,,
借款,n,32,,,,
喷涂,z,32,,,,
某某,r,32,,,,
江苏,ns,32,,,,
涉及,v,32,,,,
涉案,v,32,,,,
现,tg,32,,,,
稚趣,a,32,,,,
综合,vn,32,,,,
获取,v,32,,,,
28,m,31,,,,
之,f,31,,,,
乙方,n,31,,,,
关联性,n,31,,,,
卡考,nr,31,,,,
婴童,n,31,,,,
德远,ns,31,,,,
悠疆,i,31,,,,
我,r,31,,,,
杨衡,nr,31,,,,
民事诉讼,l,31,,,,
相同,d,31,,,,
睿,nrt,31,,,,
赔偿损失,n,31,,,,
赵雪燕,nr,31,,,,
采纳,v,31,,,,
银行,n,31,,,,
难以,d,31,,,,
5000,m,30,,,,
公司财务,n,30,,,,
居间,n,30,,,,
广州市,ns,30,,,,
来看,u,30,,,,
竞业,n,30,,,,
第项,m,30,,,,
给付,v,30,,,,
蒋秀,nr,30,,,,
餐饮公司,n,30,,,,
15,m,29,,,,
29,m,29,,,,
中,ns,29,,,,
卓然,a,29,,,,
咨询,vn,29,,,,
基本,n,29,,,,
开展,v,29,,,,
彤,n,29,,,,
收到,v,29,,,,
新月,t,29,,,,
李碚,nr,29,,,,
现有,b,29,,,,
甲方,n,29,,,,
程序,n,29,,,,
自,p,29,,,,
董事长,n,29,,,,
请求权,n,29,,,,
郝俊,nr,29,,,,
郭慧轩,nr,29,,,,
都,d,29,,,,
食品,n,29,,,,
一致,d,28,,,,
以下,f,28,,,,
充分,ad,28,,,,
入股,v,28,,,,
动力,n,28,,,,
大榭,n,28,,,,
年度,n,28,,,,
异议,n,28,,,,
晟,g,28,,,,
洁,ag,28,,,,
生辉,nr,28,,,,
用于,v,28,,,,
赵才海,nr,28,,,,
邮件,n,28,,,,
鑫诺,nz,28,,,,
雪松,nr,28,,,,
2019,m,27,,,,
50,m,27,,,,
丽,nr,27,,,,
产生,n,27,,,,
停止,v,27,,,,
内部,f,27,,,,
召开,v,27,,,,
形式,n,27,,,,
曾,d,27,,,,
民初,b,27,,,,
爱,v,27,,,,
组织,v,27,,,,
腾云,ns,27,,,,
连带责任,l,27,,,,
部门,n,27,,,,
集团公司,n,27,,,,
预交,v,27,,,,
马,n,27,,,,
2,x,26,,,,
31,m,26,,,,
中艺,nt,26,,,,
举证责任,l,26,,,,
之后,f,26,,,,
代理人,n,26,,,,
俪,g,26,,,,
元本,n,26,,,,
天天,t,26,,,,
威思拓,nr,26,,,,
岛,n,26,,,,
张俊,nr,26,,,,
往来,t,26,,,,
微信,vn,26,,,,
永疆,ns,26,,,,
能够,v,26,,,,
营业,n,26,,,,
证人,n,26,,,,
领,v,26,,,,
不同,a,25,,,,
交纳,v,25,,,,
佣金,n,25,,,,
佳,a,25,,,,
依据事实,n,25,,,,
具备,v,25,,,,
分析,vn,25,,,,
合理,vn,25,,,,
同,p,25,,,,
大,a,25,,,,
工作室,n,25,,,,
开发,v,25,,,,
德章,nr,25,,,,
报告,n,25,,,,
撤销,v,25,,,,
机电,n,25,,,,
条件,n,25,,,,
次,q,25,,,,
由于,c,25,,,,
远大,b,25,,,,
陈,nr,25,,,,
仍,d,24,,,,
代理,n,24,,,,
件,q,24,,,,
任职期间,n,24,,,,
会,v,24,,,,
博士,n,24,,,,
卫,n,24,,,,
原则,n,24,,,,
哲尚,n,24,,,,
山,n,24,,,,
张,q,24,,,,
折扣,v,24,,,,
持股,v,24,,,,
控股,v,24,,,,
数字,n,24,,,,
昌安,ns,24,,,,
正常,d,24,,,,
琦,nr,24,,,,
禁止,v,24,,,,
笔录,n,24,,,,
考虑,v,24,,,,
联达,v,24,,,,
记账,n,24,,,,
证实,n,24,,,,
违法,vn,24,,,,
26,m,23,,,,
七日,t,23,,,,
不足,a,23,,,,
两个,m,23,,,,
亭,ng,23,,,,
付春霞,nr,23,,,,
侵占,v,23,,,,
发展,vn,23,,,,
叶军,nr,23,,,,
好,a,23,,,,
广东,ns,23,,,,
律师,n,23,,,,
徐可培,nr,23,,,,
擅自,d,23,,,,
明,a,23,,,,
朝田,ns,23,,,,
标准,n,23,,,,
王仁,nr,23,,,,
表,v,23,,,,
表明,v,23,,,,
远景,n,23,,,,
一个,m,22,,,,
亿,m,22,,,,
即使,c,22,,,,
发放,v,22,,,,
可能,v,22,,,,
合法权益,n,22,,,,
同业,j,22,,,,
国际,n,22,,,,
扣除,v,22,,,,
披露,v,22,,,,
无证据,n,22,,,,
曹孝哲,nr,22,,,,
有效,a,22,,,,
朱文,nr,22,,,,
洪涛,nr,22,,,,
浩迈,a,22,,,,
知道,v,22,,,,
缴纳,v,22,,,,
股,n,22,,,,
自行,r,22,,,,
虽,c,22,,,,
证言,n,22,,,,
资料,n,22,,,,
软件,n,22,,,,
金钱,n,22,,,,
鉴于,p,22,,,,
陈桂云,nr,22,,,,
韩涛,nr,22,,,,
17,m,21,,,,
一定,d,21,,,,
侵犯,v,21,,,,
共计,v,21,,,,
判断,v,21,,,,
单位,n,21,,,,
反映,v,21,,,,
受,v,21,,,,
合法,n,21,,,,
奇点,n,21,,,,
审批,v,21,,,,
山东,ns,21,,,,
德益,nr,21,,,,
德盾,nz,21,,,,
所,u,21,,,,
数据,n,21,,,,
旦旦,t,21,,,,
晋宇,nr,21,,,,
李慧玲,nr,21,,,,
浙江,ns,21,,,,
经济,n,21,,,,
至于,p,21,,,,
艾芮菲,nr,21,,,,
营运,n,21,,,,
起,v,21,,,,
适格,ad,21,,,,
2008,m,20,,,,
主体资格,n,20,,,,
事宜,n,20,,,,
亚,ns,20,,,,
仍,zg,20,,,,
再,d,20,,,,
加以,v,20,,,,
勤俭,a,20,,,,
工商,n,20,,,,
意思,n,20,,,,
挪用,v,20,,,,
文化传媒,n,20,,,,
晖,nr,20,,,,
期限,n,20,,,,
李金友,nr,20,,,,
杨仕权,nr,20,,,,
确实,ad,20,,,,
签名,v,20,,,,
经过,p,20,,,,
能源,n,20,,,,
调取,v,20,,,,
重合,vn,20,,,,
陈亮,nr,20,,,,
限制,v,20,,,,
14,m,19,,,,
2020,m,19,,,,
25,m,19,,,,
3,x,19,,,,
一直,d,19,,,,
一队,m,19,,,,
上市公司,nt,19,,,,
事项,n,19,,,,
企汇,n,19,,,,
会计,v,19,,,,
余蕾,nr,19,,,,
作,v,19,,,,
信,n,19,,,,
俱,n,19,,,,
公安机关,n,19,,,,
只是,c,19,,,,
否认,v,19,,,,
地址,n,19,,,,
多,m,19,,,,
导致,v,19,,,,
巨龙,nr,19,,,,
归还,v,19,,,,
心,n,19,,,,
承担责任,l,19,,,,
本法,n,19,,,,
案二审,n,19,,,,
此,r,19,,,,
法博洋,ns,19,,,,
注销,v,19,,,,
海龙,nz,19,,,,
看,v,19,,,,
秘书,n,19,,,,
职责,n,19,,,,
解聘,v,19,,,,
订立,v,19,,,,
记录,n,19,,,,
账目,n,19,,,,
超过,v,19,,,,
迈特,nrt,19,,,,
采购,v,19,,,,
陆运,n,19,,,,
除,p,19,,,,
主管,n,18,,,,
事务,n,18,,,,
付款,v,18,,,,
修改,v,18,,,,
兴港,ns,18,,,,
刘泱,nr,18,,,,
办理,n,18,,,,
加盖,v,18,,,,
华,ns,18,,,,
单方,n,18,,,,
单独,d,18,,,,
各方,r,18,,,,
如何,r,18,,,,
审计报告,n,18,,,,
庭审,n,18,,,,
得出,v,18,,,,
成都,ns,18,,,,
房屋,n,18,,,,
才,d,18,,,,
既,c,18,,,,
易芳,nr,18,,,,
比例,n,18,,,,
用以,v,18,,,,
电子,n,18,,,,
相反,v,18,,,,
研发,j,18,,,,
简会,v,18,,,,
结果,n,18,,,,
计划案,n,18,,,,
货款,n,18,,,,
费,v,18,,,,
转账,v,18,,,,
这,r,18,,,,
进货,v,18,,,,
酩庄,i,18,,,,
集团,n,18,,,,
20,m,17,,,,
三十日,m,17,,,,
事务所律师,n,17,,,,
任命,n,17,,,,
会议,n,17,,,,
住,v,17,,,,
再次,d,17,,,,
减半,v,17,,,,
判令,v,17,,,,
制度,n,17,,,,
博革,vn,17,,,,
受到,v,17,,,,
四,m,17,,,,
因,c,17,,,,
因素,n,17,,,,
在于,v,17,,,,
奥吉娜,nr,17,,,,
季步,n,17,,,,
客,n,17,,,,
应归,v,17,,,,
张,nr,17,,,,
张雷,nr,17,,,,
故对,d,17,,,,
文件,n,17,,,,
智慧,nr,17,,,,
李凯,nr,17,,,,
李秋生,nr,17,,,,
此,zg,17,,,,
注册,v,17,,,,
派,v,17,,,,
海涛,nr,17,,,,
滥用,v,17,,,,
热点,n,17,,,,
特效,a,17,,,,
独立,v,17,,,,
真实,d,17,,,,
答辩,v,17,,,,
签订合同,n,17,,,,
老酷,a,17,,,,
而言,c,17,,,,
自然人,l,17,,,,
虽,zg,17,,,,
要件,n,17,,,,
视觉,n,17,,,,
认证,v,17,,,,
账簿,n,17,,,,
鉴定,v,17,,,,
银行卡,nr,17,,,,
需,v,17,,,,
18,m,16,,,,
24,m,16,,,,
40,m,16,,,,
5,x,16,,,,
一般,a,16,,,,
上海市第一中级人民法院,nt,16,,,,
不符,v,16,,,,
价格,n,16,,,,
使,v,16,,,,
依,d,16,,,,
刑事,b,16,,,,
刘芳,nr,16,,,,
协议书,n,16,,,,
博,n,16,,,,
即便,c,16,,,,
原被告,nr,16,,,,
同一,b,16,,,,
喵,o,16,,,,
因为,c,16,,,,
宋,nr,16,,,,
完全,ad,16,,,,
宣传,vn,16,,,,
崇,nrt,16,,,,
平台,n,16,,,,
授权,v,16,,,,
无效,a,16,,,,
朵玛,nrt,16,,,,
机关,n,16,,,,
李杰妹,nr,16,,,,
核对,v,16,,,,
水合,n,16,,,,
江苏省,ns,16,,,,
波,j,16,,,,
王光村,nr,16,,,,
王宗宏,nr,16,,,,
科德,nrt,16,,,,
系,n,16,,,,
繁,v,16,,,,
经济损失,n,16,,,,
自动,vn,16,,,,
苏慧平,nr,16,,,,
若,c,16,,,,
补充,v,16,,,,
言志,n,16,,,,
许凌君,nr,16,,,,
这个,r,16,,,,
酌情,d,16,,,,
13,m,15,,,,
2010,m,15,,,,
21,m,15,,,,
不当,d,15,,,,
东平,ns,15,,,,
云南,ns,15,,,,
价款,n,15,,,,
众智,n,15,,,,
但原告,nr,15,,,,
信息技术,n,15,,,,
分红,v,15,,,,
力,n,15,,,,
北方,f,15,,,,
反驳,v,15,,,,
发送,v,15,,,,
和丰,nz,15,,,,
哲思,n,15,,,,
四川,ns,15,,,,
场地,s,15,,,,
审核,v,15,,,,
属,v,15,,,,
应为,v,15,,,,
影响,vn,15,,,,
性质,n,15,,,,
总,b,15,,,,
拒绝,v,15,,,,
撤回,v,15,,,,
新城,ns,15,,,,
春义,n,15,,,,
曹友荣,nr,15,,,,
朗易,nrt,15,,,,
本人,r,15,,,,
权益,n,15,,,,
李建全,nr,15,,,,
检测,vn,15,,,,
汽车,n,15,,,,
法人,n,15,,,,
清算,v,15,,,,
王晓宾,nr,15,,,,
环保,j,15,,,,
目前,t,15,,,,
终止,v,15,,,,
结论,n,15,,,,
自助,v,15,,,,
蒋希舟,nr,15,,,,
行,zg,15,,,,
许可,nr,15,,,,
设计,vn,15,,,,
迅闪,z,15,,,,
逾期,t,15,,,,
郭永强,nr,15,,,,
配偶,v,15,,,,
2000,m,14,,,,
任期,n,14,,,,
低于,v,14,,,,
剩余,v,14,,,,
劳动,vn,14,,,,
博文,nr,14,,,,
告知,v,14,,,,
告诉,v,14,,,,
实体,n,14,,,,
实质,n,14,,,,
应对,v,14,,,,
批准,v,14,,,,
无关,v,14,,,,
日日,t,14,,,,
明显,a,14,,,,
明细,ad,14,,,,
李向阳,nr,14,,,,
条,n,14,,,,
来,v,14,,,,
核实,n,14,,,,
案由,n,14,,,,
次,m,14,,,,
民事判决,n,14,,,,
水生,n,14,,,,
法,j,14,,,,
浙江省,ns,14,,,,
特,d,14,,,,
瑞,ns,14,,,,
申根,nz,14,,,,
石小羽,nr,14,,,,
税务,n,14,,,,
第二,m,14,,,,
签订协议,n,14,,,,
红利,nz,14,,,,
良率,n,14,,,,
获利,v,14,,,,
补充协议,n,14,,,,
被告方,n,14,,,,
被申请人,n,14,,,,
计算机,n,14,,,,
资产,n,14,,,,
辞职,v,14,,,,
辩称,v,14,,,,
重庆,ns,14,,,,
错误,n,14,,,,
非,h,14,,,,
顺,p,14,,,,
领,n,14,,,,
＊,x,14,,,,
10000,m,13,,,,
〈,x,13,,,,
〉,x,13,,,,
之外,f,13,,,,
传媒,n,13,,,,
公证,n,13,,,,
农,n,13,,,,
决策,n,13,,,,
分配,vn,13,,,,
北京市,ns,13,,,,
华电,nz,13,,,,
卷,m,13,,,,
原件,n,13,,,,
地,uv,13,,,,
基金,n,13,,,,
客观,n,13,,,,
对象,n,13,,,,
工作人员,n,13,,,,
工资收入,n,13,,,,
广东省,ns,13,,,,
应于,v,13,,,,
张群,nr,13,,,,
当,t,13,,,,
当时,t,13,,,,
报酬,n,13,,,,
拉尔,nrt,13,,,,
掌握,v,13,,,,
收款,n,13,,,,
放弃,v,13,,,,
效力,n,13,,,,
文化,n,13,,,,
无权,n,13,,,,
时效,n,13,,,,
显然,ad,13,,,,
最后,f,13,,,,
最终,d,13,,,,
未,t,13,,,,
林,ng,13,,,,
特殊,a,13,,,,
王树玲,nr,13,,,,
现金,n,13,,,,
相,v,13,,,,
知晓,v,13,,,,
科技股份,n,13,,,,
税,n,13,,,,
约束,vn,13,,,,
自认,v,13,,,,
范畴,nr,13,,,,
获,v,13,,,,
视为,v,13,,,,
证据不足,v,13,,,,
评估,vn,13,,,,
诉,n,13,,,,
诉,vn,13,,,,
该院,r,13,,,,
货物,n,13,,,,
越峰,ns,13,,,,
进出口,vn,13,,,,
连续,a,13,,,,
酌定,d,13,,,,
重复,d,13,,,,
陈子荣,nr,13,,,,
青海,ns,13,,,,
非法,b,13,,,,
黎明,nr,13,,,,
19,m,12,,,,
TVM,eng,12,,,,
一百八十,m,12,,,,
东莞市,ns,12,,,,
严重,a,12,,,,
份,q,12,,,,
债权人,n,12,,,,
做,v,12,,,,
克莱克,nr,12,,,,
兼,v,12,,,,
刘昊,nr,12,,,,
办公,n,12,,,,
办法,n,12,,,,
包含,v,12,,,,
区域,n,12,,,,
医疗器械,n,12,,,,
华红兰,nr,12,,,,
占,v,12,,,,
占有,v,12,,,,
厂房,n,12,,,,
可见,v,12,,,,
土地,n,12,,,,
在案,v,12,,,,
子公司,n,12,,,,
字,n,12,,,,
崔桦,nr,12,,,,
工程,n,12,,,,
市场,n,12,,,,
广西,ns,12,,,,
志凯,nr,12,,,,
总监,n,12,,,,
成为,v,12,,,,
截至,v,12,,,,
手续,v,12,,,,
技术开发,n,12,,,,
提出异议,v,12,,,,
提心,v,12,,,,
明确规定,l,12,,,,
根生,n,12,,,,
此外,c,12,,,,
温州市,ns,12,,,,
潘晓福,nr,12,,,,
玉兰,nr,12,,,,
王玲,nr,12,,,,
王英,nr,12,,,,
环康,n,12,,,,
电子邮件,n,12,,,,
神形,n,12,,,,
私募,a,12,,,,
立即,d,12,,,,
立家,n,12,,,,
终端,n,12,,,,
自身,r,12,,,,
被告人,n,12,,,,
证,n,12,,,,
诉求,v,12,,,,
诉讼费用,n,12,,,,
该笔,r,12,,,,
账册,n,12,,,,
资源,n,12,,,,
赖秀萍,nr,12,,,,
赛,nz,12,,,,
超出,v,12,,,,
转入,v,12,,,,
还是,c,12,,,,
金,n,12,,,,
金学,n,12,,,,
鑫华,nz,12,,,,
间,f,12,,,,
领取,v,12,,,,
鲁,nr,12,,,,
黄,a,12,,,,
1481,m,11,,,,
23,m,11,,,,
4,x,11,,,,
80000,m,11,,,,
两份,m,11,,,,
两家,m,11,,,,
两年,m,11,,,,
中涛,n,11,,,,
中电,j,11,,,,
仅仅,d,11,,,,
仍然,d,11,,,,
代理商,n,11,,,,
任希辉,nr,11,,,,
份,n,11,,,,
伊朗,ns,11,,,,
众联,n,11,,,,
住所地,n,11,,,,
保护,v,11,,,,
债权,n,11,,,,
健儿,n,11,,,,
先,d,11,,,,
克鲁诺,nr,11,,,,
公司员工,n,11,,,,
公示,v,11,,,,
净达,n,11,,,,
函,n,11,,,,
刑初,b,11,,,,
刘静,nr,11,,,,
加丹,ns,11,,,,
劳务,vn,11,,,,
医药,n,11,,,,
协会,n,11,,,,
协商,n,11,,,,
印证,j,11,,,,
双,n,11,,,,
受让,v,11,,,,
台湾,ns,11,,,,
合法性,n,11,,,,
合理性,n,11,,,,
名称,n,11,,,,
围绕,v,11,,,,
国际贸易,nz,11,,,,
地区,n,11,,,,
基数,n,11,,,,
宇,n,11,,,,
尚,d,11,,,,
就此,d,11,,,,
开发区,n,11,,,,
弥补,v,11,,,,
德,ns,11,,,,
必要,d,11,,,,
思永,nr,11,,,,
恩,nr,11,,,,
成员,n,11,,,,
排除,v,11,,,,
接受,v,11,,,,
方案,n,11,,,,
方面,n,11,,,,
日前,t,11,,,,
明知,v,11,,,,
有无,v,11,,,,
本身,r,11,,,,
李元,nr,11,,,,
李家,nrfg,11,,,,
止,v,11,,,,
永生,b,11,,,,
江阳,ns,11,,,,
沪,j,11,,,,
法,n,11,,,,
流水,n,11,,,,
炙阳,i,11,,,,
牟虹,nr,11,,,,
特定,d,11,,,,
畅,a,11,,,,
百分之一,m,11,,,,
秘密,n,11,,,,
简称,v,11,,,,
经营项目,n,11,,,,
维护,v,11,,,,
网络,n,11,,,,
股票,n,11,,,,
能,v,11,,,,
营业执照,n,11,,,,
蒋志,nr,11,,,,
规范,n,11,,,,
视角,n,11,,,,
评级,vn,11,,,,
诉争,vn,11,,,,
调查,vn,11,,,,
购买,v,11,,,,
辞去,v,11,,,,
运营,vn,11,,,,
进一步,d,11,,,,
连带,n,11,,,,
郑丹,ns,11,,,,
重庆市,ns,11,,,,
钱,n,11,,,,
钱瑶,nr,11,,,,
项志秋,nr,11,,,,
高娟,nrfg,11,,,,
高红涛,nr,11,,,,
22,m,10,,,,
235,m,10,,,,
8,x,10,,,,
一方,m,10,,,,
一案,m,10,,,,
三源,n,10,,,,
不仅,c,10,,,,
不应,v,10,,,,
个人账户,n,10,,,,
中介,j,10,,,,
主持,v,10,,,,
人为,n,10,,,,
以外,c,10,,,,
体现,v,10,,,,
修正,nr,10,,,,
公开,ad,10,,,,
凤翔,nr,10,,,,
利润率,n,10,,,,
加工,vn,10,,,,
医院,n,10,,,,
华清,nr,10,,,,
即,c,10,,,,
却,d,10,,,,
原始,v,10,,,,
只能,v,10,,,,
召集,v,10,,,,
司法,n,10,,,,
各项,r,10,,,,
合利,vn,10,,,,
合同法,n,10,,,,
名下,n,10,,,,
吴晓嫣,nrfg,10,,,,
周,nr,10,,,,
周婷,nr,10,,,,
咖啡,n,10,,,,
商人,n,10,,,,
四个,m,10,,,,
国,n,10,,,,
妻子,n,10,,,,
尚慧,nr,10,,,,
就是,d,10,,,,
届满,v,10,,,,
履职,v,10,,,,
市政,n,10,,,,
废液,n,10,,,,
开具,v,10,,,,
开始,v,10,,,,
得,ud,10,,,,
思为,v,10,,,,
恶意,v,10,,,,
所涉,v,10,,,,
批发,v,10,,,,
承包,v,10,,,,
把,p,10,,,,
折为,v,10,,,,
易富,nr,10,,,,
普,nr,10,,,,
智能,n,10,,,,
曹,nr,10,,,,
服饰,n,10,,,,
朕,g,10,,,,
本次,r,10,,,,
本金,n,10,,,,
林,nr,10,,,,
标,n,10,,,,
款,n,10,,,,
深圳市,ns,10,,,,
潘峰,nr,10,,,,
王培,nr,10,,,,
用,p,10,,,,
界定,n,10,,,,
直至,v,10,,,,
程度,n,10,,,,
税费,n,10,,,,
纠正,v,10,,,,
经审查,nr,10,,,,
经营权,n,10,,,,
聊天记录,nz,10,,,,
能力,n,10,,,,
蔡叶根,nr,10,,,,
行为人,n,10,,,,
表决,v,10,,,,
要,v,10,,,,
视,vg,10,,,,
解决,v,10,,,,
计划,n,10,,,,
证据规则,n,10,,,,
请,v,10,,,,
谭,zg,10,,,,
贤明,n,10,,,,
退回,v,10,,,,
那么,r,10,,,,
重要,a,10,,,,
金昌,nr,10,,,,
门诊部,n,10,,,,
零售,vn,10,,,,
飞法,n,10,,,,
马元,q,10,,,,
115,m,9,,,,
1000000,m,9,,,,
1999,m,9,,,,
2006,m,9,,,,
2007,m,9,,,,
2009,m,9,,,,
一方面,mq,9,,,,
三个,m,9,,,,
三家,m,9,,,,
两名,m,9,,,,
中均,j,9,,,,
之一,r,9,,,,
乐陵市,ns,9,,,,
事务所,n,9,,,,
于法无据,l,9,,,,
云盛,ns,9,,,,
交付,v,9,,,,
从而,c,9,,,,
仕,n,9,,,,
以后,f,9,,,,
优惠价格,n,9,,,,
低,a,9,,,,
保密,n,9,,,,
保管,v,9,,,,
全体,n,9,,,,
全圣,nr,9,,,,
全面,n,9,,,,
出售,vn,9,,,,
利害关系,n,9,,,,
利用职权,n,9,,,,
前置程序,n,9,,,,
华,j,9,,,,
单,n,9,,,,
印章,n,9,,,,
受理,v,9,,,,
只,d,9,,,,
可行,v,9,,,,
周勤,nr,9,,,,
周玉芳,nr,9,,,,
商,n,9,,,,
商贸,n,9,,,,
因果关系,n,9,,,,
国金,n,9,,,,
在内,u,9,,,,
基准,n,9,,,,
备案,n,9,,,,
复印件,n,9,,,,
多次,m,9,,,,
存储,j,9,,,,
客观事实,n,9,,,,
对应,vn,9,,,,
工程款,n,9,,,,
度,q,9,,,,
开庭,n,9,,,,
开设,v,9,,,,
张旭,nr,9,,,,
徐宁古,nr,9,,,,
德,j,9,,,,
情况紧急,l,9,,,,
所以,c,9,,,,
扬智,nr,9,,,,
推定,v,9,,,,
时间段,n,9,,,,
河南,ns,9,,,,
法律效力,n,9,,,,
法律责任,n,9,,,,
温,n,9,,,,
特别,d,9,,,,
状态,n,9,,,,
王晓明,nr,9,,,,
申报,nz,9,,,,
申盾,nz,9,,,,
白鹿原,nr,9,,,,
目,ng,9,,,,
目,t,9,,,,
秦,nr,9,,,,
空间,n,9,,,,
第,m,9,,,,
第三,m,9,,,,
签约,v,9,,,,
管理制度,n,9,,,,
纠纷案件,n,9,,,,
约束力,n,9,,,,
经,p,9,,,,
统计表,n,9,,,,
继续,v,9,,,,
考量,n,9,,,,
而是,c,9,,,,
职位,n,9,,,,
航铝,n,9,,,,
药材,n,9,,,,
蒋蒙娟,nr,9,,,,
规制,n,9,,,,
认缴,v,9,,,,
讨论,v,9,,,,
课程,n,9,,,,
谈话,vn,9,,,,
负债表,n,9,,,,
资格,n,9,,,,
车位,n,9,,,,
转移,v,9,,,,
辰达,nz,9,,,,
达到,v,9,,,,
过错,v,9,,,,
通信费,n,9,,,,
陆义,nr,9,,,,
非法收入,l,9,,,,
韦孚,nr,9,,,,
餐饮,n,9,,,,
高,a,9,,,,
高级人民法院,nt,9,,,,
鼎,ng,9,,,,
！,x,9,,,,
27,m,8,,,,
734000,m,8,,,,
80,m,8,,,,
CnAm,eng,8,,,,
一并,d,8,,,,
一节,m,8,,,,
七,m,8,,,,
东方公司,nt,8,,,,
个人所得税,l,8,,,,
中国民生银行,nt,8,,,,
中心,n,8,,,,
临时,b,8,,,,
举示,v,8,,,,
之日,r,8,,,,
事实上,l,8,,,,
亏损,vn,8,,,,
五,m,8,,,,
交换,v,8,,,,
享受,v,8,,,,
人均,j,8,,,,
从中,d,8,,,,
代表处,n,8,,,,
任务,n,8,,,,
任命书,n,8,,,,
任锋,nr,8,,,,
侵权人,n,8,,,,
借贷,n,8,,,,
偿还,v,8,,,,
免除,v,8,,,,
公证书,n,8,,,,
兴隆,ns,8,,,,
再审,v,8,,,,
出,v,8,,,,
出现,v,8,,,,
分配利润,n,8,,,,
刘品,nr,8,,,,
利源,n,8,,,,
制定,v,8,,,,
制造,v,8,,,,
剑场,n,8,,,,
副董事长,n,8,,,,
升安,nrt,8,,,,
华东区,ns,8,,,,
参加,v,8,,,,
参考,v,8,,,,
及时,c,8,,,,
发布,v,8,,,,
可知,v,8,,,,
各自,r,8,,,,
同期,b,8,,,,
商业,n,8,,,,
回单,v,8,,,,
图尔克,nrt,8,,,,
在职,v,8,,,,
地位,n,8,,,,
增值税,n,8,,,,
增量,n,8,,,,
处于,v,8,,,,
奖金,n,8,,,,
妖怪,n,8,,,,
婴幼儿,n,8,,,,
安排,v,8,,,,
工作岗位,n,8,,,,
巴山,ns,8,,,,
帝邦,nr,8,,,,
常熟市,ns,8,,,,
平均,a,8,,,,
应从,v,8,,,,
应否,v,8,,,,
应该,v,8,,,,
开票,n,8,,,,
开立,v,8,,,,
必然,d,8,,,,
成交,v,8,,,,
成都市,ns,8,,,,
我们,r,8,,,,
所得税,n,8,,,,
折应,v,8,,,,
报价,n,8,,,,
报准,n,8,,,,
担保,v,8,,,,
拟,v,8,,,,
拟订,v,8,,,,
挂,v,8,,,,
据,p,8,,,,
推广,v,8,,,,
推翻,v,8,,,,
提请,v,8,,,,
救济,n,8,,,,
教育,vn,8,,,,
无为,c,8,,,,
日期,t,8,,,,
曲敬鲁,nr,8,,,,
更,d,8,,,,
有误,vn,8,,,,
机构,n,8,,,,
李岩,nr,8,,,,
李雪峰,nr,8,,,,
杰,nr,8,,,,
查询,v,8,,,,
档案,n,8,,,,
梁国,ns,8,,,,
此后,c,8,,,,
武汉市,ns,8,,,,
每个,r,8,,,,
汇入,v,8,,,,
汪汪,nr,8,,,,
汪海兵,nr,8,,,,
沈阳市,ns,8,,,,
法律法规,n,8,,,,
涉外,v,8,,,,
游昌胜,nr,8,,,,
湖南,ns,8,,,,
熙可,i,8,,,,
状况,n,8,,,,
玖,m,8,,,,
现,t,8,,,,
理优,v,8,,,,
琪,g,8,,,,
电信,n,8,,,,
电机,n,8,,,,
电池,n,8,,,,
电镀,n,8,,,,
盾,q,8,,,,
看出,v,8,,,,
研征,n,8,,,,
私自,d,8,,,,
租赁费,n,8,,,,
移送,v,8,,,,
端木,n,8,,,,
管邦,nr,8,,,,
纳税,n,8,,,,
股,q,8,,,,
股份公司,n,8,,,,
苏州市,ns,8,,,,
融资,vn,8,,,,
行业,n,8,,,,
裁判,vn,8,,,,
覃钏,nr,8,,,,
计算机软件,n,8,,,,
论述,v,8,,,,
证照,n,8,,,,
诉辩,vn,8,,,,
说,v,8,,,,
调整,vn,8,,,,
谢远忠,nr,8,,,,
赋予,v,8,,,,
赘述,v,8,,,,
赛邦,nz,8,,,,
起算,v,8,,,,
起至,v,8,,,,
达成,v,8,,,,
进口,vn,8,,,,
违背,v,8,,,,
邓新娣,nr,8,,,,
邵丹,nr,8,,,,
释明,v,8,,,,
陆远,d,8,,,,
隐名,v,8,,,,
靳立蕊,nr,8,,,,
驰铁,nz,8,,,,
龙文,nz,8,,,,
/,x,7,,,,
300,m,7,,,,
3000,m,7,,,,
7,x,7,,,,
一下,m,7,,,,
一部分,m,7,,,,
万余元,m,7,,,,
上海市浦东新区,ns,7,,,,
不予认定,l,7,,,,
不知情,i,7,,,,
专项,n,7,,,,
两种,m,7,,,,
两项,m,7,,,,
丧失,v,7,,,,
主营业务,n,7,,,,
义务人,n,7,,,,
买永静,nr,7,,,,
人事,n,7,,,,
代付,vn,7,,,,
代持,v,7,,,,
以,f,7,,,,
以此,c,7,,,,
价值,n,7,,,,
任,r,7,,,,
会计师,n,7,,,,
位,v,7,,,,
你,r,7,,,,
保健食品,n,7,,,,
保全,v,7,,,,
俞中清,nr,7,,,,
公卫,n,7,,,,
公司法人,n,7,,,,
公安局,nt,7,,,,
兼任,v,7,,,,
净利润,n,7,,,,
出庭作证,n,7,,,,
办事处,n,7,,,,
办公室,n,7,,,,
华丰,nz,7,,,,
华煜,nrfg,7,,,,
原因,n,7,,,,
友力,n,7,,,,
受让方,n,7,,,,
号,q,7,,,,
合约,n,7,,,,
员工工资,n,7,,,,
商务,n,7,,,,
嘉兴,nr,7,,,,
国产,n,7,,,,
国宝,nz,7,,,,
基本一致,d,7,,,,
大量,n,7,,,,
大陆,n,7,,,,
奥,j,7,,,,
威思,n,7,,,,
安诺,nr,7,,,,
完全一致,i,7,,,,
宝鸡,n,7,,,,
对联,vn,7,,,,
尊,q,7,,,,
尤尼泰,nr,7,,,,
工资表,n,7,,,,
平行,n,7,,,,
年底,t,7,,,,
应予以,nr,7,,,,
建立,v,7,,,,
建设,vn,7,,,,
强德,nr,7,,,,
当然,d,7,,,,
得到,v,7,,,,
忠诚,a,7,,,,
您,r,7,,,,
截图,v,7,,,,
截止,v,7,,,,
承接,v,7,,,,
投资收益,n,7,,,,
拓,v,7,,,,
拥有,v,7,,,,
持续,vd,7,,,,
损失赔偿,n,7,,,,
支取,v,7,,,,
收受贿赂,v,7,,,,
改判,vn,7,,,,
方法,n,7,,,,
无论,c,7,,,,
无锡,ns,7,,,,
无需,v,7,,,,
日常,d,7,,,,
昊,nr,7,,,,
明福,a,7,,,,
是否是,l,7,,,,
期满,v,7,,,,
朱,nr,7,,,,
朱幼滨,nr,7,,,,
朱志晖,nr,7,,,,
权利义务,n,7,,,,
权限,n,7,,,,
桑霞,nr,7,,,,
武汉,ns,7,,,,
每月,r,7,,,,
比,p,7,,,,
汪佑,nrfg,7,,,,
沸鸣,v,7,,,,
洛阳,ns,7,,,,
流程,n,7,,,,
涉嫌,v,7,,,,
深圳,ns,7,,,,
清楚,a,7,,,,
滨,ns,7,,,,
牌价,n,7,,,,
王平,nr,7,,,,
现在,t,7,,,,
由此,c,7,,,,
电子科技,n,7,,,,
电脑,n,7,,,,
盖章,nr,7,,,,
税务所,nt,7,,,,
竞争性,n,7,,,,
签收,v,7,,,,
管理工作,n,7,,,,
累计,v,7,,,,
统计,v,7,,,,
缜值,a,7,,,,
置业,n,7,,,,
美国康宁公司,nt,7,,,,
美术,n,7,,,,
聊天,nz,7,,,,
职,n,7,,,,
能否,v,7,,,,
艺,ng,7,,,,
落款,n,7,,,,
葡萄酒,n,7,,,,
蔡,nr,7,,,,
装饰,n,7,,,,
覆盖,v,7,,,,
规则,n,7,,,,
解散,v,7,,,,
许可证,nr,7,,,,
诉权,n,7,,,,
诉称,v,7,,,,
诉讼费,n,7,,,,
该款,r,7,,,,
责任法,n,7,,,,
账号,n,7,,,,
贸易,vn,7,,,,
费,nr,7,,,,
起诉状,n,7,,,,
转款,v,7,,,,
辽宁,ns,7,,,,
这些,r,7,,,,
违法行为,l,7,,,,
违约,v,7,,,,
选举,v,7,,,,
途径,n,7,,,,
门球,n,7,,,,
阶段,n,7,,,,
韦品清,nr,7,,,,
须,d,7,,,,
领域,n,7,,,,
额外,b,7,,,,
飞,n,7,,,,
香肠,n,7,,,,
高度,n,7,,,,
黛永,nr,7,,,,
100000,m,6,,,,
1994,m,6,,,,
2300,m,6,,,,
235000,m,6,,,,
2952855,m,6,,,,
8000,m,6,,,,
90,m,6,,,,
B,x,6,,,,
一百四十九,m,6,,,,
一项,m,6,,,,
三份,mq,6,,,,
三年,m,6,,,,
上述事实,n,6,,,,
下属,v,6,,,,
不会,v,6,,,,
不妥,a,6,,,,
不宜,a,6,,,,
不能证实,n,6,,,,
业务部门,n,6,,,,
两者,n,6,,,,
中介机构,n,6,,,,
中国人民银行,nt,6,,,,
中院,j,6,,,,
为己,r,6,,,,
云太,nr,6,,,,
交叉,n,6,,,,
人格,n,6,,,,
人民日报,nz,6,,,,
仅凭,v,6,,,,
仲裁,vn,6,,,,
件,zg,6,,,,
任免,v,6,,,,
优能,v,6,,,,
会议纪要,n,6,,,,
估算,v,6,,,,
俊,a,6,,,,
俊,nr,6,,,,
保全申请,nr,6,,,,
健康,a,6,,,,
公诉,v,6,,,,
准许,v,6,,,,
减少,v,6,,,,
刘鹏,nr,6,,,,
创意,v,6,,,,
初,f,6,,,,
初步,d,6,,,,
利润分配,n,6,,,,
到庭,d,6,,,,
前提,n,6,,,,
前案,n,6,,,,
北仑,ns,6,,,,
华彩,nz,6,,,,
发行,v,6,,,,
口头,n,6,,,,
可能性,n,6,,,,
司法解释,n,6,,,,
各类,r,6,,,,
合创,n,6,,,,
合同纠纷,z,6,,,,
后续,v,6,,,,
否则,c,6,,,,
含义,n,6,,,,
吴边,nr,6,,,,
周宜民,nr,6,,,,
咨,vn,6,,,,
国内,s,6,,,,
场所,n,6,,,,
基准利率,nz,6,,,,
填写,v,6,,,,
增值,v,6,,,,
增加,v,6,,,,
大华,nz,6,,,,
大榭明州,ns,6,,,,
夫妻关系,n,6,,,,
套餐,n,6,,,,
姜峰,nr,6,,,,
姜晓艳,nr,6,,,,
媒体,n,6,,,,
季步农,nr,6,,,,
学员,n,6,,,,
学堂,n,6,,,,
宇宙,n,6,,,,
定,v,6,,,,
实施细则,n,6,,,,
实现,v,6,,,,
审判,vn,6,,,,
尚未,d,6,,,,
就任,v,6,,,,
居民,n,6,,,,
履约,v,6,,,,
差价,n,6,,,,
差异,n,6,,,,
差旅费,n,6,,,,
差额,n,6,,,,
广告,n,6,,,,
应以,v,6,,,,
建议,n,6,,,,
开,v,6,,,,
开展业务,n,6,,,,
强制,v,6,,,,
德商,nt,6,,,,
总公司,n,6,,,,
恒,nr,6,,,,
意义,n,6,,,,
意志,n,6,,,,
所有权,n,6,,,,
所述,b,6,,,,
承包经营,n,6,,,,
承诺,v,6,,,,
押金,n,6,,,,
招拍,v,6,,,,
控股公司,n,6,,,,
描述,v,6,,,,
提取,v,6,,,,
擎天,n,6,,,,
改,v,6,,,,
方,n,6,,,,
早,a,6,,,,
明智,nr,6,,,,
普通,nz,6,,,,
智美,nr,6,,,,
最,d,6,,,,
未予,v,6,,,,
来源于,v,6,,,,
松江区,ns,6,,,,
林高坤,nrfg,6,,,,
格达,nz,6,,,,
案,n,6,,,,
案一审,n,6,,,,
桥,n,6,,,,
欧米,ns,6,,,,
民事责任,n,6,,,,
注意,v,6,,,,
清单,a,6,,,,
火,n,6,,,,
烁,ag,6,,,,
爱彼思,nr,6,,,,
独资,vn,6,,,,
王忠,nr,6,,,,
王林辉,nr,6,,,,
王某,nr,6,,,,
瑞湾,ns,6,,,,
申请人,nr,6,,,,
电器,n,6,,,,
相近,v,6,,,,
眭蓓蓓,nr,6,,,,
着,uz,6,,,,
矛盾,an,6,,,,
矿业,n,6,,,,
砺石,n,6,,,,
确认书,v,6,,,,
社保,j,6,,,,
祖国,n,6,,,,
移民,n,6,,,,
立法,d,6,,,,
第二项,m,6,,,,
类,q,6,,,,
类似,v,6,,,,
系统,n,6,,,,
终审,v,6,,,,
经纪,n,6,,,,
结算,v,6,,,,
绿宝,nr,6,,,,
考,v,6,,,,
考察,v,6,,,,
职务行为,n,6,,,,
职工,n,6,,,,
联上,v,6,,,,
胜拓,v,6,,,,
至今,d,6,,,,
芬,j,6,,,,
药业,n,6,,,,
营销策划,n,6,,,,
虞夏萌,nr,6,,,,
表现,v,6,,,,
表述,v,6,,,,
角度,n,6,,,,
计,n,6,,,,
设置,vn,6,,,,
证书,n,6,,,,
评判,vn,6,,,,
评核,vn,6,,,,
该案,r,6,,,,
豪,ag,6,,,,
账单,n,6,,,,
贷款,n,6,,,,
足以,v,6,,,,
转让款,n,6,,,,
较,d,6,,,,
还有,v,6,,,,
进而,c,6,,,,
远,a,6,,,,
退还,v,6,,,,
选择,v,6,,,,
邓小英,nr,6,,,,
郝春艳,nr,6,,,,
酆泽,nr,6,,,,
里,f,6,,,,
附件,n,6,,,,
陆,nr,6,,,,
陈亚玲,nr,6,,,,
陈晖,nr,6,,,,
除外,c,6,,,,
靓点,n,6,,,,
项,n,6,,,,
须知,nr,6,,,,
香港,ns,6,,,,
马新文,nr,6,,,,
驻,v,6,,,,
骏信,n,6,,,,
齐材,nr,6,,,,
10800,m,5,,,,
108122,m,5,,,,
1150,m,5,,,,
1996,m,5,,,,
2002,m,5,,,,
2003,m,5,,,,
3300,m,5,,,,
40000,m,5,,,,
45,m,5,,,,
46,m,5,,,,
6,x,5,,,,
70,m,5,,,,
779953,m,5,,,,
896,m,5,,,,
9,x,5,,,,
944269309,m,5,,,,
ECEL,eng,5,,,,
SDOPTICS,eng,5,,,,
一种,m,5,,,,
上市,ns,5,,,,
上网费,n,5,,,,
不到,v,5,,,,
不负,v,5,,,,
业务量,n,5,,,,
中俪,n,5,,,,
中原,ns,5,,,,
串通,vn,5,,,,
丽仁美娜,nr,5,,,,
九,m,5,,,,
云南省,ns,5,,,,
五金交电,nz,5,,,,
仅限于,l,5,,,,
仇胤,nr,5,,,,
从未,d,5,,,,
代为,v,5,,,,
代理费,n,5,,,,
以来,f,5,,,,
价,n,5,,,,
企业信用,n,5,,,,
企业法人,n,5,,,,
伟,nr,5,,,,
伪造,v,5,,,,
余额,n,5,,,,
使用权,n,5,,,,
促成,v,5,,,,
保证金,n,5,,,,
信函,n,5,,,,
倪,nr,5,,,,
先生,n,5,,,,
免去,v,5,,,,
全国,n,5,,,,
全资,n,5,,,,
六,m,5,,,,
兰特,nrt,5,,,,
兼职,v,5,,,,
出让,v,5,,,,
分,v,5,,,,
分局,n,5,,,,
刘志敏,nr,5,,,,
利润总额,n,5,,,,
制品,n,5,,,,
剥夺,v,5,,,,
加之,c,5,,,,
华扬,nr,5,,,,
即为,c,5,,,,
发,v,5,,,,
发函,v,5,,,,
发明专利,l,5,,,,
发现,v,5,,,,
发起人,l,5,,,,
句容,n,5,,,,
只有,c,5,,,,
合同书,n,5,,,,
吊顶,n,5,,,,
同仁堂,nr,5,,,,
名,n,5,,,,
名为,v,5,,,,
向派华,nr,5,,,,
启动,vn,5,,,,
吴秋,nr,5,,,,
吴静,nr,5,,,,
周逸,nr,5,,,,
咨询服务,n,5,,,,
品牌,n,5,,,,
商业秘密,n,5,,,,
商事,n,5,,,,
嘉定区,ns,5,,,,
四川省,ns,5,,,,
固定,a,5,,,,
国华,nz,5,,,,
基准日,nz,5,,,,
基金业,n,5,,,,
处置,v,5,,,,
夏菊芬,nr,5,,,,
大中华,nz,5,,,,
大公,n,5,,,,
大厦,n,5,,,,
天,m,5,,,,
天恩,nr,5,,,,
天缘,n,5,,,,
委派,n,5,,,,
孔祥臣,nr,5,,,,
宇,nr,5,,,,
安装,v,5,,,,
宝,nr,5,,,,
实用新型,n,5,,,,
实践,v,5,,,,
实际上,d,5,,,,
实验室,n,5,,,,
客观性,n,5,,,,
尾号,n,5,,,,
工人,n,5,,,,
帘,n,5,,,,
常理,n,5,,,,
平衡,a,5,,,,
年终奖,n,5,,,,
库房,n,5,,,,
开办,v,5,,,,
异常,d,5,,,,
引发,v,5,,,,
张毓栋,nr,5,,,,
强制性,n,5,,,,
归属,v,5,,,,
待,v,5,,,,
律师费,n,5,,,,
总金额,n,5,,,,
悉,ad,5,,,,
房地产,j,5,,,,
所签,n,5,,,,
所说,c,5,,,,
所谓,b,5,,,,
手机,n,5,,,,
才能,v,5,,,,
打印,v,5,,,,
拉萨市,ns,5,,,,
拍卖,v,5,,,,
拒,v,5,,,,
持,v,5,,,,
持异议,v,5,,,,
指使,v,5,,,,
政府,n,5,,,,
故意,d,5,,,,
新加坡,ns,5,,,,
方可,n,5,,,,
方宜,n,5,,,,
旅游,vn,5,,,,
无形资产,l,5,,,,
日山,ns,5,,,,
昆明,ns,5,,,,
明细表,n,5,,,,
是从,v,5,,,,
普旭,nr,5,,,,
最高,a,5,,,,
月份,n,5,,,,
服装,vn,5,,,,
未有,v,5,,,,
机械设备,n,5,,,,
权故,n,5,,,,
李凤琼,nr,5,,,,
李秀英,nr,5,,,,
杨旭,nr,5,,,,
杨海艳,nr,5,,,,
核定,n,5,,,,
根据上述,n,5,,,,
框架,n,5,,,,
正式,ad,5,,,,
正当理由,l,5,,,,
此前,t,5,,,,
母公司,n,5,,,,
毛越东,nr,5,,,,
汇款,n,5,,,,
法务,n,5,,,,
洁乐特,nz,5,,,,
洋,ag,5,,,,
海,n,5,,,,
混同,a,5,,,,
渝北区,ns,5,,,,
湖北,ns,5,,,,
满足,v,5,,,,
炬,g,5,,,,
烽,n,5,,,,
然后,c,5,,,,
物业管理,n,5,,,,
物流,n,5,,,,
独家,n,5,,,,
王,nr,5,,,,
王仁繁,nr,5,,,,
王希光,nr,5,,,,
王阳胜,nr,5,,,,
玥,zg,5,,,,
用章,n,5,,,,
百货,n,5,,,,
监督,vn,5,,,,
盛军,nr,5,,,,
目标,n,5,,,,
相信,v,5,,,,
相悖,v,5,,,,
真空设备,n,5,,,,
睿信,nrt,5,,,,
知情,n,5,,,,
研究所,n,5,,,,
确信,v,5,,,,
社会,n,5,,,,
神,n,5,,,,
禁止性,n,5,,,,
离开,v,5,,,,
税款,n,5,,,,
税金,n,5,,,,
窦伯英,nr,5,,,,
立案侦查,n,5,,,,
竞赛,vn,5,,,,
策划,n,5,,,,
签,v,5,,,,
管理机构,n,5,,,,
米娅,nrt,5,,,,
类型,n,5,,,,
约,d,5,,,,
组成,v,5,,,,
终结,v,5,,,,
结束,v,5,,,,
维,v,5,,,,
维修,v,5,,,,
编号,n,5,,,,
罗正明,nr,5,,,,
职,ng,5,,,,
联合,v,5,,,,
胡远涛,nr,5,,,,
胶尔,ns,5,,,,
自治,v,5,,,,
船用,n,5,,,,
苏博,nr,5,,,,
蒙涛,nr,5,,,,
蓝怡,nr,5,,,,
薪酬,n,5,,,,
虚假,a,5,,,,
行使职权,n,5,,,,
表,n,5,,,,
表决权,v,5,,,,
货品,n,5,,,,
贾某,nr,5,,,,
赔偿金,n,5,,,,
赵东波,nr,5,,,,
赵虹,nr,5,,,,
转,v,5,,,,
软件开发,l,5,,,,
载体,n,5,,,,
辩解,v,5,,,,
近,a,5,,,,
进,v,5,,,,
进入,v,5,,,,
远远,d,5,,,,
违规,vn,5,,,,
追究,v,5,,,,
选出,v,5,,,,
逐一,d,5,,,,
逖,g,5,,,,
通知书,nr,5,,,,
遮阳,ns,5,,,,
邓伟军,nr,5,,,,
那,r,5,,,,
鄞县,ns,5,,,,
鄞州,ns,5,,,,
重大,a,5,,,,
金属,n,5,,,,
鉴定费,n,5,,,,
钏,nr,5,,,,
钢丝绳,n,5,,,,
铭,ng,5,,,,
镇江,ns,5,,,,
间接,b,5,,,,
陈晓新,nr,5,,,,
隐瞒,v,5,,,,
青,a,5,,,,
非,d,5,,,,
风声,n,5,,,,
首要,b,5,,,,
马艳,nr,5,,,,
黄历,n,5,,,,
黄忠,nr,5,,,,
黄继宏,nr,5,,,,
102,m,4,,,,
100,m,4,,,,
1500,m,4,,,,
157500,m,4,,,,
20161,m,4,,,,
22811,m,4,,,,
22829,m,4,,,,
2500,m,4,,,,
2794,m,4,,,,
280,m,4,,,,
30800,m,4,,,,
32,m,4,,,,
34,m,4,,,,
38,m,4,,,,
500,m,4,,,,
53308342,m,4,,,,
60,m,4,,,,
604711,m,4,,,,
8800,m,4,,,,
一中,s,4,,,,
一名,m,4,,,,
一年,m,4,,,,
一样,r,4,,,,
一组,m,4,,,,
万,m,4,,,,
上犹县,ns,4,,,,
不利于,v,4,,,,
不适,a,4,,,,
专用章,n,4,,,,
业务员,n,4,,,,
两位,m,4,,,,
两次,m,4,,,,
严格,ad,4,,,,
个人利益,n,4,,,,
为准,v,4,,,,
为此,r,4,,,,
主导,b,4,,,,
之便,c,4,,,,
书,n,4,,,,
买卖合同,n,4,,,,
事由,n,4,,,,
二人,nrt,4,,,,
互联,v,4,,,,
五年,t,4,,,,
亚高科,ns,4,,,,
仓库,n,4,,,,
付,v,4,,,,
代山宇,nr,4,,,,
代收,v,4,,,,
代收款,n,4,,,,
优环,vn,4,,,,
位于,v,4,,,,
佐夫,nrt,4,,,,
余蕾林,nr,4,,,,
使用税,n,4,,,,
保费,v,4,,,,
修正案,n,4,,,,
做出,v,4,,,,
偿付,v,4,,,,
元卡考,nr,4,,,,
公众,n,4,,,,
公司债务,n,4,,,,
公路,n,4,,,,
具体分析,l,4,,,,
决,v,4,,,,
决定权,n,4,,,,
决策权,n,4,,,,
减去,v,4,,,,
出借,v,4,,,,
出差,v,4,,,,
出庭,n,4,,,,
出示,v,4,,,,
出租,v,4,,,,
出纳,v,4,,,,
出让方,n,4,,,,
出资额,n,4,,,,
刑事案件,n,4,,,,
列为,v,4,,,,
刘,zg,4,,,,
刘加松,nr,4,,,,
刘宁,nr,4,,,,
刘广涛,nr,4,,,,
刘连栋,nr,4,,,,
创赢,v,4,,,,
初字,n,4,,,,
判定,v,4,,,,
到位,v,4,,,,
到期,d,4,,,,
制药,n,4,,,,
前提条件,n,4,,,,
前诉,v,4,,,,
力合,n,4,,,,
包装,v,4,,,,
北京市第一中级人民法院,nt,4,,,,
区长,n,4,,,,
医药公司,n,4,,,,
华越,nz,4,,,,
单上,n,4,,,,
单据,n,4,,,,
南京,ns,4,,,,
南华,nz,4,,,,
南宁市,ns,4,,,,
占用,v,4,,,,
占用费,n,4,,,,
即可,d,4,,,,
即时,c,4,,,,
原,b,4,,,,
原点,n,4,,,,
反证,v,4,,,,
受售,v,4,,,,
古驿,ns,4,,,,
台,ns,4,,,,
合同条款,n,4,,,,
吊销,v,4,,,,
同年,t,4,,,,
同类经营,n,4,,,,
名片,n,4,,,,
后诉,v,4,,,,
吴翠华,nr,4,,,,
周末,t,4,,,,
周进,nr,4,,,,
咱们,r,4,,,,
唯一,b,4,,,,
商务信息,nt,4,,,,
嘉华,nz,4,,,,
四份,mq,4,,,,
团队,n,4,,,,
固定资产,l,4,,,,
国贸,j,4,,,,
圣,j,4,,,,
圣唐,t,4,,,,
圣鲁,ns,4,,,,
地点,n,4,,,,
垫付,v,4,,,,
培训,vn,4,,,,
声明,n,4,,,,
处理结果,n,4,,,,
外,n,4,,,,
多少,m,4,,,,
多数,m,4,,,,
大中华区,ns,4,,,,
天,q,4,,,,
天津市,ns,4,,,,
夫妇,n,4,,,,
夫妻,n,4,,,,
奇珠,nz,4,,,,
契约,ns,4,,,,
如上所述,c,4,,,,
如前所述,c,4,,,,
委员会,n,4,,,,
存有,v,4,,,,
存疑,v,4,,,,
存续,v,4,,,,
孙茂才,nr,4,,,,
安泰,nz,4,,,,
完整,a,4,,,,
履行职责,n,4,,,,
山东省,ns,4,,,,
工商行政,n,4,,,,
幢,q,4,,,,
并于,c,4,,,,
广场,n,4,,,,
应付,vn,4,,,,
延续,v,4,,,,
开发票,n,4,,,,
弄,v,4,,,,
张韦,nr,4,,,,
归鑫华,nr,4,,,,
当代,t,4,,,,
当日,t,4,,,,
影响力,n,4,,,,
往往,t,4,,,,
微信,v,4,,,,
房产,j,4,,,,
所在国,n,4,,,,
所在地,n,4,,,,
承租人,n,4,,,,
技术咨询,vn,4,,,,
折旧费,n,4,,,,
拍卖成交,i,4,,,,
指令,n,4,,,,
指出,v,4,,,,
指控,vn,4,,,,
挪用资金,n,4,,,,
授予,v,4,,,,
操作系统,l,4,,,,
收支,n,4,,,,
收购,v,4,,,,
故应,n,4,,,,
文本,n,4,,,,
新代,n,4,,,,
旅行社,n,4,,,,
无不,d,4,,,,
无偿,v,4,,,,
日用品,n,4,,,,
日用百货,n,4,,,,
日记,n,4,,,,
旨在,v,4,,,,
时树,n,4,,,,
易淳,nr,4,,,,
星代,t,4,,,,
是因为,c,4,,,,
晓元,nr,4,,,,
普陀,nrt,4,,,,
曾经,d,4,,,,
最初,t,4,,,,
最大,a,4,,,,
月工资,n,4,,,,
月底,t,4,,,,
有所,n,4,,,,
有效期,n,4,,,,
朝阳,ns,4,,,,
期限内,n,4,,,,
未付,v,4,,,,
本合同,n,4,,,,
朱松,nr,4,,,,
李佳,nr,4,,,,
李志平,nr,4,,,,
架构,n,4,,,,
校长,n,4,,,,
核心,n,4,,,,
核算,n,4,,,,
核算成本,n,4,,,,
根本,a,4,,,,
梁庆平,nr,4,,,,
榭,g,4,,,,
模式,n,4,,,,
次日,t,4,,,,
比利,n,4,,,,
民事裁定,n,4,,,,
民法,n,4,,,,
汉族,nz,4,,,,
河北,ns,4,,,,
油画,n,4,,,,
治理,v,4,,,,
法定程序,n,4,,,,
泛,v,4,,,,
注册资金,n,4,,,,
泰威,ns,4,,,,
流通,vn,4,,,,
消灭,v,4,,,,
消防,n,4,,,,
消防产品,n,4,,,,
润,v,4,,,,
涵盖,v,4,,,,
深圳市中级人民法院,nt,4,,,,
混合,vn,4,,,,
源,ng,4,,,,
源于,v,4,,,,
烟台,n,4,,,,
然而,c,4,,,,
爱,n,4,,,,
爱街,ns,4,,,,
物流配送,n,4,,,,
王晓冬,nr,4,,,,
王阳,nr,4,,,,
玩具,n,4,,,,
环境工程,n,4,,,,
理应,v,4,,,,
瑕疵,n,4,,,,
生,vn,4,,,,
用品,n,4,,,,
申请书,nr,4,,,,
申达,nz,4,,,,
电子产品,n,4,,,,
电子商务,n,4,,,,
电影,n,4,,,,
盘点,n,4,,,,
直到,v,4,,,,
相互,d,4,,,,
眭蓓蓓系,nr,4,,,,
知,v,4,,,,
知识产权,n,4,,,,
确保,v,4,,,,
离任,v,4,,,,
空调,n,4,,,,
竞合,vn,4,,,,
管理费,vn,4,,,,
管道,n,4,,,,
系列,q,4,,,,
红安,nz,4,,,,
终,d,4,,,,
经向,n,4,,,,
经被,n,4,,,,
给予,v,4,,,,
罗克峰,nr,4,,,,
罗马,ns,4,,,,
罪,zg,4,,,,
美,j,4,,,,
职权范围,n,4,,,,
联系,n,4,,,,
聘书,v,4,,,,
胡舟,nr,4,,,,
自动化,l,4,,,,
舱,n,4,,,,
艺,n,4,,,,
节能,v,4,,,,
芮,nr,4,,,,
获益,v,4,,,,
萝,n,4,,,,
营收,n,4,,,,
行,v,4,,,,
街道,n,4,,,,
补签,v,4,,,,
西南,ns,4,,,,
西雅特,nr,4,,,,
规章,n,4,,,,
视频,n,4,,,,
订单,n,4,,,,
认同,v,4,,,,
讯问,n,4,,,,
询问,v,4,,,,
询问笔录,n,4,,,,
该些,r,4,,,,
该条,r,4,,,,
说明书,n,4,,,,
说法,v,4,,,,
谁主张,v,4,,,,
谁举证,i,4,,,,
谦,nr,4,,,,
豫,j,4,,,,
负债,n,4,,,,
财务报表,n,4,,,,
财务数据,n,4,,,,
贵港,ns,4,,,,
费为,nr,4,,,,
资质,n,4,,,,
赞普,nrt,4,,,,
起以,v,4,,,,
转为,v,4,,,,
辽,ns,4,,,,
辽宁省,ns,4,,,,
还款,v,4,,,,
这份,mq,4,,,,
退出,v,4,,,,
送货,v,4,,,,
遗漏,n,4,,,,
遭受,v,4,,,,
邦,ng,4,,,,
郑州市,ns,4,,,,
配合,v,4,,,,
酷指,n,4,,,,
重新,a,4,,,,
金心,n,4,,,,
银锋,n,4,,,,
铸造,v,4,,,,
长安,ns,4,,,,
附有,b,4,,,,
陈亚莉,nr,4,,,,
零部件,mq,4,,,,
需向,v,4,,,,
风险,n,4,,,,
魁,ns,4,,,,
鼎力,n,4,,,,
1,m,3,,,,
120,m,3,,,,
1315000,m,3,,,,
135329,m,3,,,,
135800,m,3,,,,
13800,m,3,,,,
14844,m,3,,,,
149,m,3,,,,
150000,m,3,,,,
1997,m,3,,,,
200,m,3,,,,
2004,m,3,,,,
2005,m,3,,,,
21675519,m,3,,,,
23800,m,3,,,,
275,m,3,,,,
2900,m,3,,,,
298269,m,3,,,,
300000,m,3,,,,
320,m,3,,,,
35,m,3,,,,
37,m,3,,,,
37280,m,3,,,,
396300,m,3,,,,
4000,m,3,,,,
4044,m,3,,,,
4300,m,3,,,,
45000,m,3,,,,
458,m,3,,,,
473560,m,3,,,,
53800,m,3,,,,
5555694,m,3,,,,
56,m,3,,,,
5800,m,3,,,,
60000,m,3,,,,
75,m,3,,,,
87,m,3,,,,
897,m,3,,,,
90000,m,3,,,,
944,m,3,,,,
=,x,3,,,,
A,x,3,,,,
C,x,3,,,,
ResortPropertyInterntionlLtdOcenGrdenHoldingsLtd,eng,3,,,,
YC,eng,3,,,,
一事,n,3,,,,
一切,r,3,,,,
一日,m,3,,,,
一栏,d,3,,,,
一系列,m,3,,,,
一言九鼎,i,3,,,,
七千,m,3,,,,
三万,m,3,,,,
三位,m,3,,,,
上班,v,3,,,,
下滑,v,3,,,,
不交,v,3,,,,
不变,v,3,,,,
不合理,n,3,,,,
专利,n,3,,,,
丙方,n,3,,,,
业,n,3,,,,
东方,s,3,,,,
两案,m,3,,,,
两笔,m,3,,,,
个人承包,n,3,,,,
个人收入,n,3,,,,
个人行为,n,3,,,,
中信银行,nt,3,,,,
中华,nz,3,,,,
中国移动通信集团,nt,3,,,,
中外合资,l,3,,,,
中建,ns,3,,,,
中所,j,3,,,,
中电诺金,nt,3,,,,
乂,zg,3,,,,
之处,r,3,,,,
乐陵,nr,3,,,,
九龙山,ns,3,,,,
事,n,3,,,,
事情,n,3,,,,
二元,m,3,,,,
二初,t,3,,,,
二年,m,3,,,,
二者,n,3,,,,
五千元,m,3,,,,
交,v,3,,,,
交割,v,3,,,,
交接,v,3,,,,
交易价格,n,3,,,,
交易所,nt,3,,,,
交流,n,3,,,,
交由,n,3,,,,
产权证,j,3,,,,
人力,n,3,,,,
人力资源,n,3,,,,
人系,n,3,,,,
人马,n,3,,,,
仍未,d,3,,,,
从山宇,nr,3,,,,
仓储,j,3,,,,
他们,r,3,,,,
付斌,nr,3,,,,
代,n,3,,,,
代,q,3,,,,
代替,v,3,,,,
代签,n,3,,,,
仪器仪表,n,3,,,,
任剑明,nr,3,,,,
份额,n,3,,,,
优惠,vn,3,,,,
会计凭证,n,3,,,,
传感,n,3,,,,
传票,n,3,,,,
伯乐,nr,3,,,,
作价,n,3,,,,
作用,v,3,,,,
佰,m,3,,,,
依赖,v,3,,,,
便携式,b,3,,,,
保持,v,3,,,,
保洁,a,3,,,,
保证,v,3,,,,
保障,v,3,,,,
修造,v,3,,,,
倍,m,3,,,,
值,n,3,,,,
做到,v,3,,,,
傅梅,nr,3,,,,
允许,v,3,,,,
元在,t,3,,,,
先后,t,3,,,,
光,n,3,,,,
光电,j,3,,,,
入账,v,3,,,,
全,a,3,,,,
全众,n,3,,,,
全权负责,l,3,,,,
全额,n,3,,,,
公平,n,3,,,,
公民,n,3,,,,
共,d,3,,,,
共同体,n,3,,,,
内控,b,3,,,,
农业,n,3,,,,
冰川,ns,3,,,,
冲突,vn,3,,,,
况,c,3,,,,
几个,m,3,,,,
凭,p,3,,,,
分为,v,3,,,,
分户,n,3,,,,
分支机构,n,3,,,,
列举,v,3,,,,
刘,nr,3,,,,
刘凯,nr,3,,,,
刘同光,nr,3,,,,
创业,n,3,,,,
初字款,n,3,,,,
判处,v,3,,,,
利润表,n,3,,,,
利润额,n,3,,,,
前原,n,3,,,,
副总裁,n,3,,,,
办公用品,n,3,,,,
加,v,3,,,,
加班费,n,3,,,,
助理,vn,3,,,,
努力,ad,3,,,,
劳动报酬,l,3,,,,
北京市第二中级人民法院,nt,3,,,,
区别,n,3,,,,
区域经理,n,3,,,,
医霖,n,3,,,,
半数以上,l,3,,,,
华,n,3,,,,
华北区,ns,3,,,,
单,d,3,,,,
单对,d,3,,,,
南京市,ns,3,,,,
博悦,nr,3,,,,
印正,nz,3,,,,
印花税,n,3,,,,
厂,zg,3,,,,
历史,n,3,,,,
原始股,n,3,,,,
去,v,3,,,,
去世,t,3,,,,
参照,v,3,,,,
参股,v,3,,,,
及之,c,3,,,,
双重身份,nz,3,,,,
反而,c,3,,,,
发送给,n,3,,,,
受托,v,3,,,,
受诉,v,3,,,,
变动,vn,3,,,,
句容市,n,3,,,,
各方对,l,3,,,,
各种因素,l,3,,,,
合作项目,n,3,,,,
合并,v,3,,,,
合法利益,n,3,,,,
同事,n,3,,,,
名,q,3,,,,
名牌,n,3,,,,
后,t,3,,,,
后在,t,3,,,,
向山宇,nr,3,,,,
启瑞大,ns,3,,,,
吴大辉,nr,3,,,,
呢,y,3,,,,
周冰,nr,3,,,,
和德,nr,3,,,,
售票,n,3,,,,
唯派,b,3,,,,
商业利益,n,3,,,,
商标,n,3,,,,
嗯,e,3,,,,
因案,n,3,,,,
因而,c,3,,,,
固有,b,3,,,,
国家,n,3,,,,
在此之前,i,3,,,,
坚持,v,3,,,,
城兴,ns,3,,,,
城市,ns,3,,,,
填补,v,3,,,,
大于,d,3,,,,
天津港,ns,3,,,,
女,n,3,,,,
如若,c,3,,,,
妥当,a,3,,,,
妨害,v,3,,,,
委任,n,3,,,,
委托书,n,3,,,,
委托合同,n,3,,,,
威海市,ns,3,,,,
娜,x,3,,,,
嫌疑,v,3,,,,
字样,n,3,,,,
存入,v,3,,,,
学,v,3,,,,
宁波市,ns,3,,,,
它,r,3,,,,
安泱,nr,3,,,,
安置,v,3,,,,
完全相同,i,3,,,,
完毕,v,3,,,,
定性,n,3,,,,
实报实销,l,3,,,,
实质性,n,3,,,,
宿迁市,ns,3,,,,
对比,v,3,,,,
导出,v,3,,,,
小,a,3,,,,
少,a,3,,,,
就是指,i,3,,,,
尽快,d,3,,,,
属实,v,3,,,,
履行合同,n,3,,,,
州,n,3,,,,
工业,n,3,,,,
工业气体,n,3,,,,
工商行政管理局,nt,3,,,,
工商部门,n,3,,,,
工资单,n,3,,,,
左右,m,3,,,,
帝邦,n,3,,,,
帮助,v,3,,,,
常务,n,3,,,,
常识,n,3,,,,
平时,t,3,,,,
年检,j,3,,,,
并以,c,3,,,,
并使,c,3,,,,
广告业务,n,3,,,,
广告公司,n,3,,,,
广州市中级人民法院,nt,3,,,,
库存,n,3,,,,
应付款,n,3,,,,
店,n,3,,,,
廊坊市,ns,3,,,,
建科,nt,3,,,,
建筑,n,3,,,,
建设工程,n,3,,,,
张伟,nr,3,,,,
张家港,nr,3,,,,
张玲瑜,nr,3,,,,
张立文,nr,3,,,,
强制执行,n,3,,,,
归乐辉,nr,3,,,,
归于,v,3,,,,
归天,v,3,,,,
录音,n,3,,,,
彦,g,3,,,,
彩信,nz,3,,,,
征得,v,3,,,,
待遇,n,3,,,,
很,d,3,,,,
律,nr,3,,,,
徐卉,nr,3,,,,
徐宁古,ns,3,,,,
徐海,ns,3,,,,
思拓,v,3,,,,
性,n,3,,,,
总体,n,3,,,,
总则,n,3,,,,
总结,n,3,,,,
总部,n,3,,,,
总额,n,3,,,,
恩斯特,nrt,3,,,,
惩罚,vn,3,,,,
意向,n,3,,,,
愿意,v,3,,,,
所举,v,3,,,,
所指,n,3,,,,
承认,v,3,,,,
承诺书,nr,3,,,,
把持,v,3,,,,
投入,v,3,,,,
投资人,n,3,,,,
折数,n,3,,,,
拓展,v,3,,,,
提到,v,3,,,,
提前,v,3,,,,
提及,v,3,,,,
搬迁,v,3,,,,
攫取,v,3,,,,
收受,v,3,,,,
收据,n,3,,,,
改选,v,3,,,,
故明州,ns,3,,,,
数林,n,3,,,,
文,ng,3,,,,
文书,n,3,,,,
新疆,ns,3,,,,
方,q,3,,,,
方根,n,3,,,,
无从,v,3,,,,
无对价,l,3,,,,
无论是,c,3,,,,
日大榭,ns,3,,,,
日才,t,3,,,,
日用,n,3,,,,
时代,n,3,,,,
时系,n,3,,,,
昆明市,ns,3,,,,
月租费,n,3,,,,
有悖,v,3,,,,
有期徒刑,l,3,,,,
服务费,n,3,,,,
未尽,d,3,,,,
本息,n,3,,,,
本条,r,3,,,,
本质,n,3,,,,
机会,n,3,,,,
机电设备,n,3,,,,
杂货,n,3,,,,
权力,n,3,,,,
权因,n,3,,,,
李某刚,nr,3,,,,
李海伟,nr,3,,,,
李老师,nr,3,,,,
李金,nr,3,,,,
条约,n,3,,,,
来往,v,3,,,,
来源,n,3,,,,
杨,nr,3,,,,
杨振岐,nr,3,,,,
杭州市,ns,3,,,,
极致,d,3,,,,
林华王,nr,3,,,,
柳青,nr,3,,,,
栋,m,3,,,,
梁安,nr,3,,,,
检讨书,n,3,,,,
欠妥,v,3,,,,
欲,d,3,,,,
正当,a,3,,,,
正泰,nz,3,,,,
段文彬,nrfg,3,,,,
每年,r,3,,,,
比如,v,3,,,,
民事法律,n,3,,,,
氧,n,3,,,,
汇报工作,n,3,,,,
江西,ns,3,,,,
汽贸,n,3,,,,
沐,v,3,,,,
沟通,v,3,,,,
河北省,ns,3,,,,
法人资格,n,3,,,,
法则,n,3,,,,
法官,n,3,,,,
法定人数,n,3,,,,
注册资本,n,3,,,,
注明,v,3,,,,
洽谈,v,3,,,,
济,j,3,,,,
济南,ns,3,,,,
海富,nz,3,,,,
涉诉,v,3,,,,
淘,v,3,,,,
清,a,3,,,,
温,nr,3,,,,
游江,nr,3,,,,
湖北省,ns,3,,,,
湘力,n,3,,,,
滨,ng,3,,,,
牛,n,3,,,,
物业,n,3,,,,
特征,n,3,,,,
犯,v,3,,,,
王远生,nr,3,,,,
环境,n,3,,,,
现实,n,3,,,,
琳琳,nrt,3,,,,
瓷砖,n,3,,,,
生,n,3,,,,
用途,n,3,,,,
由此可见,c,3,,,,
由津陵,nr,3,,,,
申,v,3,,,,
申请单,n,3,,,,
电信业务,n,3,,,,
电视剧,n,3,,,,
男,n,3,,,,
登记注册,nz,3,,,,
百度网,nz,3,,,,
目是,n,3,,,,
直接证明,nz,3,,,,
直观,n,3,,,,
相对,d,3,,,,
相对性,l,3,,,,
省高院,n,3,,,,
短,a,3,,,,
确,d,3,,,,
确有,v,3,,,,
社会保险金,n,3,,,,
秀,ag,3,,,,
私章,n,3,,,,
种类,n,3,,,,
科,n,3,,,,
科贸,n,3,,,,
移动,vn,3,,,,
立化,vn,3,,,,
立案,n,3,,,,
竞买,v,3,,,,
竞拍,v,3,,,,
章,q,3,,,,
第一,m,3,,,,
答复,v,3,,,,
筹备,v,3,,,,
签合同,n,3,,,,
签批,v,3,,,,
签约人,n,3,,,,
简单,a,3,,,,
管,v,3,,,,
管理员,n,3,,,,
管网,n,3,,,,
管辖,v,3,,,,
管辖权,n,3,,,,
篡夺,v,3,,,,
精密仪器,n,3,,,,
系争,n,3,,,,
系威,n,3,,,,
紫金,n,3,,,,
繁为,v,3,,,,
繁系,v,3,,,,
红旗,nr,3,,,,
级别,n,3,,,,
终字,n,3,,,,
经对,p,3,,,,
经查,vn,3,,,,
经济犯罪,l,3,,,,
经营收入,n,3,,,,
经营者,n,3,,,,
经销,vn,3,,,,
经验,n,3,,,,
结构,n,3,,,,
缓交,v,3,,,,
缴付,v,3,,,,
缴税,v,3,,,,
缺少,v,3,,,,
网店,n,3,,,,
网站,n,3,,,,
网络科技,n,3,,,,
网络通信,nt,3,,,,
罢免,v,3,,,,
署名,v,3,,,,
美国,ns,3,,,,
美国移民,nr,3,,,,
翻译,v,3,,,,
老师,n,3,,,,
而非,c,3,,,,
职务侵占,l,3,,,,
职务侵占罪,n,3,,,,
联大,j,3,,,,
联通,nz,3,,,,
背景,n,3,,,,
胡立君,nr,3,,,,
胡逸,nr,3,,,,
自我,r,3,,,,
自述,v,3,,,,
致信,v,3,,,,
艳丽,a,3,,,,
艺术交流,n,3,,,,
艾西,nr,3,,,,
芜湖市,ns,3,,,,
苏博,ns,3,,,,
苏州,ns,3,,,,
萧山区,ns,3,,,,
蔡曙中,nr,3,,,,
薪资,n,3,,,,
薪金,n,3,,,,
虚拟,v,3,,,,
街舞,n,3,,,,
衡量,v,3,,,,
裁定书,n,3,,,,
装箱单,n,3,,,,
见,v,3,,,,
认识,v,3,,,,
让,v,3,,,,
设定,v,3,,,,
证券,n,3,,,,
证明书,n,3,,,,
诉状,n,3,,,,
诚信,nz,3,,,,
诚实信用,l,3,,,,
语音,n,3,,,,
调查取证,n,3,,,,
财务报告,n,3,,,,
财务管理,n,3,,,,
财务经理,n,3,,,,
账,n,3,,,,
账本,n,3,,,,
购货,n,3,,,,
赔偿义务,n,3,,,,
赖以,v,3,,,,
赛,v,3,,,,
赵,nr,3,,,,
起点,n,3,,,,
超市,v,3,,,,
足够,v,3,,,,
跟,p,3,,,,
路号,n,3,,,,
路号室,n,3,,,,
车辆,n,3,,,,
转出,v,3,,,,
载,v,3,,,,
较,zg,3,,,,
较为,d,3,,,,
较大,a,3,,,,
辉石,n,3,,,,
辞退,v,3,,,,
辩护人,n,3,,,,
过来,t,3,,,,
这样,r,3,,,,
这种,r,3,,,,
违反规定,l,3,,,,
违约责任,l,3,,,,
连锁,vn,3,,,,
适当,a,3,,,,
透露,v,3,,,,
道,q,3,,,,
那个,r,3,,,,
郑州,ns,3,,,,
部,n,3,,,,
都邦,nr,3,,,,
重组,vn,3,,,,
金属材料,n,3,,,,
钧,q,3,,,,
销售主管,n,3,,,,
锂,n,3,,,,
镇魂,n,3,,,,
长城,ns,3,,,,
陆续,d,3,,,,
陈志雄,nr,3,,,,
限,v,3,,,,
限于,v,3,,,,
院,n,3,,,,
除应,v,3,,,,
陶雪,nr,3,,,,
随时,d,3,,,,
雇佣,v,3,,,,
零,m,3,,,,
项目经理,n,3,,,,
顾均,nr,3,,,,
颁发,v,3,,,,
预缴,v,3,,,,
领导,n,3,,,,
额,n,3,,,,
食油,n,3,,,,
马利祥,nr,3,,,,
高新技术,n,3,,,,
鲍一敏,nr,3,,,,
黄先国,nr,3,,,,
龙泽宜,nr,3,,,,
龙溪,nr,3,,,,
﹤,x,3,,,,
﹥,x,3,,,,
．,x,3,,,,
103,m,2,,,,
371,m,2,,,,
38,m,2,,,,
1000,m,2,,,,
10100,m,2,,,,
1025,m,2,,,,
10340,m,2,,,,
1101110,m,2,,,,
110600,m,2,,,,
1113,m,2,,,,
111800,m,2,,,,
1119,m,2,,,,
1156989,m,2,,,,
1159251,m,2,,,,
117350,m,2,,,,
1200,m,2,,,,
12000,m,2,,,,
1231,m,2,,,,
130,m,2,,,,
13289,m,2,,,,
13587461,m,2,,,,
138671770,m,2,,,,
140800,m,2,,,,
1416,m,2,,,,
1468000,m,2,,,,
148,m,2,,,,
150987969,m,2,,,,
1521417,m,2,,,,
15406,m,2,,,,
160,m,2,,,,
1600,m,2,,,,
16000,m,2,,,,
16182,m,2,,,,
16522,m,2,,,,
1741969,m,2,,,,
177380,m,2,,,,
1.78511E+17,m,2,,,,
1800,m,2,,,,
1814,m,2,,,,
18218073,m,2,,,,
1832,m,2,,,,
1841150,m,2,,,,
18563155,m,2,,,,
188972407,m,2,,,,
1939204,m,2,,,,
197,m,2,,,,
1973,m,2,,,,
1978,m,2,,,,
1981,m,2,,,,
212740000,m,2,,,,
219082669,m,2,,,,
220,m,2,,,,
230,m,2,,,,
237307444,m,2,,,,
23886,m,2,,,,
2462,m,2,,,,
25000,m,2,,,,
25189,m,2,,,,
260,m,2,,,,
260064,m,2,,,,
270,m,2,,,,
273346,m,2,,,,
27527,m,2,,,,
289,m,2,,,,
290336878,m,2,,,,
29579,m,2,,,,
2978460,m,2,,,,
30628048,m,2,,,,
32020929,m,2,,,,
3.30301E+24,m,2,,,,
33200,m,2,,,,
34800,m,2,,,,
34852,m,2,,,,
349,m,2,,,,
357754439,m,2,,,,
36,m,2,,,,
37643,m,2,,,,
380,m,2,,,,
39,m,2,,,,
400,m,2,,,,
401784,m,2,,,,
40200,m,2,,,,
422115,m,2,,,,
42450,m,2,,,,
427115,m,2,,,,
43221006,m,2,,,,
4400,m,2,,,,
45219,m,2,,,,
46250,m,2,,,,
46800,m,2,,,,
483,m,2,,,,
4908254,m,2,,,,
4950,m,2,,,,
50000,m,2,,,,
525000,m,2,,,,
52597,m,2,,,,
54,m,2,,,,
5693,m,2,,,,
580026,m,2,,,,
600,m,2,,,,
60188342,m,2,,,,
60756,m,2,,,,
60778,m,2,,,,
627,m,2,,,,
65,m,2,,,,
65850444,m,2,,,,
66309665,m,2,,,,
72310284,m,2,,,,
752860,m,2,,,,
7659,m,2,,,,
77550,m,2,,,,
78,m,2,,,,
81800,m,2,,,,
8400,m,2,,,,
85,m,2,,,,
86800,m,2,,,,
90157,m,2,,,,
93,m,2,,,,
94,m,2,,,,
94000,m,2,,,,
95801866,m,2,,,,
9753,m,2,,,,
9800,m,2,,,,
98000,m,2,,,,
9818,m,2,,,,
CEO,eng,2,,,,
DHL,eng,2,,,,
HY,eng,2,,,,
KOMPASSGROUPLLC,eng,2,,,,
VF,eng,2,,,,
[,x,2,,,,
],x,2,,,,
ml,eng,2,,,,
〇,x,2,,,,
㎡,x,2,,,,
一万三千,m,2,,,,
一二,m,2,,,,
一些,m,2,,,,
一千,m,2,,,,
一家,m,2,,,,
一并处理,i,2,,,,
一张,m,2,,,,
一是,d,2,,,,
一次,m,2,,,,
一票,m,2,,,,
一类,m,2,,,,
一致同意,i,2,,,,
一致性,n,2,,,,
一致意见,i,2,,,,
一起,m,2,,,,
七份,m,2,,,,
七角,m,2,,,,
三方,m,2,,,,
三河市,ns,2,,,,
三项,m,2,,,,
上均,j,2,,,,
上岛,ns,2,,,,
上线,n,2,,,,
上该,v,2,,,,
上限,v,2,,,,
上面,f,2,,,,
下发,v,2,,,,
下应,v,2,,,,
下设,v,2,,,,
下账,v,2,,,,
下降,v,2,,,,
不,v,2,,,,
不合,v,2,,,,
不含税,l,2,,,,
不明,v,2,,,,
不论,c,2,,,,
与否,v,2,,,,
专,n,2,,,,
专业,n,2,,,,
专门,n,2,,,,
世,ng,2,,,,
业务收入,n,2,,,,
东区,ns,2,,,,
东芝,nz,2,,,,
中国农业银行,nt,2,,,,
中国建设银行,nt,2,,,,
中山,ns,2,,,,
中康,ns,2,,,,
中文,nz,2,,,,
中智,n,2,,,,
中止,v,2,,,,
中汽,nt,2,,,,
中法博洋,ns,2,,,,
中环,ns,2,,,,
中系,n,2,,,,
中联,ns,2,,,,
中路,ns,2,,,,
中邦,nt,2,,,,
中铁,n,2,,,,
中高管,nt,2,,,,
中高级,b,2,,,,
丰,a,2,,,,
为重,v,2,,,,
主,b,2,,,,
主动,b,2,,,,
主观,n,2,,,,
主诉,v,2,,,,
之下,f,2,,,,
之所以,c,2,,,,
乌鲁木齐,ns,2,,,,
九龙坡区,ns,2,,,,
也就是说,l,2,,,,
习惯,n,2,,,,
买方,n,2,,,,
乳制品,n,2,,,,
争执,v,2,,,,
事实根据,l,2,,,,
二万,m,2,,,,
二中,nrt,2,,,,
二百三十,m,2,,,,
二类,m,2,,,,
二者之间,l,2,,,,
亏损额,n,2,,,,
云,n,2,,,,
云,ns,2,,,,
互相,d,2,,,,
五万五千,m,2,,,,
亚太,nr,2,,,,
亚洲区,ns,2,,,,
交予,v,2,,,,
交付给,vn,2,,,,
交办,v,2,,,,
交给,v,2,,,,
亦可,v,2,,,,
亦非,v,2,,,,
产,n,2,,,,
产生纠纷,z,2,,,,
京,ns,2,,,,
亲属,n,2,,,,
亲属关系,l,2,,,,
人力物力,n,2,,,,
人工成本,l,2,,,,
人故,n,2,,,,
人民,n,2,,,,
人民检察院,nt,2,,,,
仁和,nr,2,,,,
介入,v,2,,,,
介绍,v,2,,,,
仍为,d,2,,,,
代扣代缴,n,2,,,,
以中,f,2,,,,
以为,c,2,,,,
仲裁庭,nr,2,,,,
任,v,2,,,,
任何人,r,2,,,,
众所周知,i,2,,,,
众禄,n,2,,,,
优于,v,2,,,,
会务,n,2,,,,
会签,n,2,,,,
会计准则,n,2,,,,
传唤,v,2,,,,
但悠疆,nr,2,,,,
位置,v,2,,,,
低价,n,2,,,,
住所,n,2,,,,
何朝均,nr,2,,,,
何种,r,2,,,,
余万元,m,2,,,,
作废,v,2,,,,
作证,v,2,,,,
使领馆,n,2,,,,
供,v,2,,,,
依约,d,2,,,,
侦查,v,2,,,,
便,d,2,,,,
促使,v,2,,,,
俗,a,2,,,,
保健品,n,2,,,,
保险,n,2,,,,
保险产品,n,2,,,,
保险费,n,2,,,,
俞洁华,nr,2,,,,
信丰,nz,2,,,,
信件,n,2,,,,
信任,n,2,,,,
修订,v,2,,,,
俱乐部,n,2,,,,
候小滨,nr,2,,,,
借,v,2,,,,
借款人,n,2,,,,
倪娅,nr,2,,,,
债权债务,n,2,,,,
假日,t,2,,,,
假设,vn,2,,,,
做线,n,2,,,,
停放,v,2,,,,
停止使用,i,2,,,,
儿子,n,2,,,,
儿童,n,2,,,,
元后,t,2,,,,
元周,t,2,,,,
元宝,nr,2,,,,
充分证明,n,2,,,,
先签,n,2,,,,
免交,v,2,,,,
免责,v,2,,,,
全过程,n,2,,,,
公告,n,2,,,,
公告费,n,2,,,,
公序良,nr,2,,,,
公积金,n,2,,,,
公证机关,n,2,,,,
公证费,n,2,,,,
六十四,m,2,,,,
六百,m,2,,,,
六百元,m,2,,,,
共识,n,2,,,,
关键,n,2,,,,
冀民,nr,2,,,,
写给,v,2,,,,
农产品,n,2,,,,
农任,n,2,,,,
冰,n,2,,,,
冲抵,v,2,,,,
决定书,n,2,,,,
准则,n,2,,,,
准据法,n,2,,,,
准确,a,2,,,,
准确性,n,2,,,,
凌澜,nrfg,2,,,,
减交,v,2,,,,
减轻,v,2,,,,
减除,v,2,,,,
凭单,n,2,,,,
出任,v,2,,,,
出入境,l,2,,,,
出资者,n,2,,,,
出面,n,2,,,,
函件,n,2,,,,
分得,v,2,,,,
分歧,n,2,,,,
分类,n,2,,,,
分行,v,2,,,,
刑事诉讼,l,2,,,,
划分,v,2,,,,
列支,n,2,,,,
刘宏菲,nr,2,,,,
刘宏颖,nr,2,,,,
利率,n,2,,,,
利诺,v,2,,,,
剧组,n,2,,,,
加上,v,2,,,,
加盟商,n,2,,,,
加盟费,n,2,,,,
包给,v,2,,,,
北海,ns,2,,,,
北路,ns,2,,,,
区分,n,2,,,,
医疗,n,2,,,,
十五万元,m,2,,,,
十五元,m,2,,,,
十几万元,m,2,,,,
升级,vn,2,,,,
半年,m,2,,,,
协查,vn,2,,,,
协调,v,2,,,,
单项,b,2,,,,
南路,ns,2,,,,
卫心,n,2,,,,
即以,c,2,,,,
厂长,n,2,,,,
压缩,v,2,,,,
原先,d,2,,,,
原判,n,2,,,,
原始凭证,n,2,,,,
原本,n,2,,,,
原材料,n,2,,,,
原来,d,2,,,,
又称,n,2,,,,
友效,a,2,,,,
友谊,nr,2,,,,
反应,vn,2,,,,
反诉,v,2,,,,
发件人,l,2,,,,
发出,v,2,,,,
发生冲突,n,2,,,,
发生变化,l,2,,,,
发给,vn,2,,,,
发表,v,2,,,,
取票,v,2,,,,
取证,v,2,,,,
取走,v,2,,,,
受损,v,2,,,,
受益,v,2,,,,
受聘,v,2,,,,
受评,v,2,,,,
受贿罪,n,2,,,,
受领,v,2,,,,
变化,vn,2,,,,
只要,c,2,,,,
可循,v,2,,,,
台,q,2,,,,
台关,ns,2,,,,
号案,n,2,,,,
号码,n,2,,,,
各种,r,2,,,,
合伙,n,2,,,,
合作伙伴,n,2,,,,
合意,v,2,,,,
合法权利,l,2,,,,
合资,vn,2,,,,
吉林,ns,2,,,,
同样,d,2,,,,
同等,b,2,,,,
后才,t,2,,,,
否定,v,2,,,,
含,v,2,,,,
含有,v,2,,,,
启维,ns,2,,,,
吴焕栋,nr,2,,,,
吻合,v,2,,,,
呀,y,2,,,,
周小玉,nr,2,,,,
周红,nr,2,,,,
和平区,ns,2,,,,
和德远,nr,2,,,,
咪咪,o,2,,,,
咱,r,2,,,,
哲瑞,nrt,2,,,,
唐海,nr,2,,,,
商家,n,2,,,,
商标权,n,2,,,,
商谈,v,2,,,,
嘉兴市,ns,2,,,,
嘉定,ns,2,,,,
嘉民二,nz,2,,,,
四十,m,2,,,,
四年,m,2,,,,
回复,v,2,,,,
回执,v,2,,,,
因易富,n,2,,,,
因温,n,2,,,,
因私,n,2,,,,
园区,n,2,,,,
固定成本,l,2,,,,
国务院,nt,2,,,,
在场,v,2,,,,
在此期间,l,2,,,,
地将,n,2,,,,
地税,n,2,,,,
场内,s,2,,,,
坐落于,v,2,,,,
基本相同,n,2,,,,
塑胶制品,n,2,,,,
境内,s,2,,,,
增资,v,2,,,,
士防,n,2,,,,
处分权,n,2,,,,
处有,v,2,,,,
处罚金,n,2,,,,
复华,nz,2,,,,
复杂,a,2,,,,
外文,n,2,,,,
外文书,n,2,,,,
外观设计,n,2,,,,
外部,f,2,,,,
外面,f,2,,,,
多份,m,2,,,,
多处,m,2,,,,
大小,b,2,,,,
大庭,n,2,,,,
大约,d,2,,,,
大部分,m,2,,,,
天向,n,2,,,,
天地,n,2,,,,
天成,nr,2,,,,
天辰,n,2,,,,
奇,ag,2,,,,
奇珠,n,2,,,,
奥尔古,ns,2,,,,
女儿,n,2,,,,
女儿国,n,2,,,,
奶粉,n,2,,,,
如仅,c,2,,,,
始终,d,2,,,,
委托人,n,2,,,,
婚姻关系,n,2,,,,
婚姻法,n,2,,,,
存放,v,2,,,,
存款,n,2,,,,
学兵,n,2,,,,
学校,n,2,,,,
安,v,2,,,,
安全部,nt,2,,,,
安富伟,nr,2,,,,
安徽,ns,2,,,,
安徽省,ns,2,,,,
安泱,z,2,,,,
宋成根,nr,2,,,,
定型,b,2,,,,
宜,vg,2,,,,
实则,n,2,,,,
实收,v,2,,,,
实行,v,2,,,,
审计费,n,2,,,,
审议,v,2,,,,
客观存在,n,2,,,,
宣传材料,n,2,,,,
室,n,2,,,,
富,nr,2,,,,
富士康,nr,2,,,,
对内,s,2,,,,
对冲,n,2,,,,
对抗,v,2,,,,
对话,n,2,,,,
导演,v,2,,,,
将案,n,2,,,,
小,n,2,,,,
小企业,n,2,,,,
小区,n,2,,,,
尚有,v,2,,,,
就经,d,2,,,,
尽,v,2,,,,
尽管,c,2,,,,
尽职尽责,l,2,,,,
尽量,d,2,,,,
层,q,2,,,,
层级,n,2,,,,
层面,n,2,,,,
居,v,2,,,,
居乐,n,2,,,,
居间人,n,2,,,,
届时,d,2,,,,
展示,v,2,,,,
展览,v,2,,,,
山宇,n,2,,,,
岗,n,2,,,,
岗位,n,2,,,,
崔杰,nr,2,,,,
工人工资,n,2,,,,
工作量,n,2,,,,
工商局,j,2,,,,
工程施工,n,2,,,,
工程机械,n,2,,,,
巨大,a,2,,,,
差,a,2,,,,
市场监管,n,2,,,,
市心,n,2,,,,
帐号,n,2,,,,
干涉,v,2,,,,
平均利润,n,2,,,,
平均工资,n,2,,,,
年月日,t,2,,,,
并不相同,i,2,,,,
应受,v,2,,,,
应有,v,2,,,,
应案,v,2,,,,
应用服务,n,2,,,,
应系,v,2,,,,
应纳,v,2,,,,
延长,v,2,,,,
开业,n,2,,,,
开会讨论,n,2,,,,
开利,ns,2,,,,
开发商,n,2,,,,
开户,n,2,,,,
开支,v,2,,,,
引用,v,2,,,,
引起,v,2,,,,
张俊红,nr,2,,,,
张琳,nr,2,,,,
张磊,nr,2,,,,
张虹,nr,2,,,,
强,a,2,,,,
归中艺,nr,2,,,,
归明州,nr,2,,,,
归艺,n,2,,,,
归责,v,2,,,,
当初,t,2,,,,
当庭,n,2,,,,
彭,nr,2,,,,
影业,vn,2,,,,
徕,x,2,,,,
得知,v,2,,,,
御,vg,2,,,,
微压,n,2,,,,
心心,n,2,,,,
快,a,2,,,,
快速,d,2,,,,
总收入,n,2,,,,
总裁,n,2,,,,
总计,n,2,,,,
恒安,nz,2,,,,
恩桥,nr,2,,,,
悬浮,v,2,,,,
情况表,n,2,,,,
惠州市,ns,2,,,,
惩戒,vn,2,,,,
意愿,n,2,,,,
意识,n,2,,,,
愿,v,2,,,,
或许,d,2,,,,
战蕾,n,2,,,,
户,n,2,,,,
房,n,2,,,,
所任,b,2,,,,
所得额,n,2,,,,
所有人,n,2,,,,
所有者,c,2,,,,
所诉,v,2,,,,
手段,n,2,,,,
手续费,n,2,,,,
扩股,v,2,,,,
扬,vg,2,,,,
扬智嘉,nr,2,,,,
找,v,2,,,,
承包人,n,2,,,,
承包期,n,2,,,,
承建方,nr,2,,,,
承租,v,2,,,,
承诺函,nr,2,,,,
技术开发区,n,2,,,,
技术转让,l,2,,,,
抑或,c,2,,,,
投标,n,2,,,,
投资方,n,2,,,,
折,m,2,,,,
抛物线,n,2,,,,
抢夺,v,2,,,,
报上,v,2,,,,
报备,v,2,,,,
报纸,n,2,,,,
报经,n,2,,,,
抵押,vn,2,,,,
抵销,vn,2,,,,
担负,v,2,,,,
拘束力,n,2,,,,
招聘,v,2,,,,
拟制,v,2,,,,
指,v,2,,,,
指向,n,2,,,,
指标,n,2,,,,
指示,v,2,,,,
挪,v,2,,,,
掌管,v,2,,,,
排他性,n,2,,,,
探伤,v,2,,,,
接近,v,2,,,,
控制力,n,2,,,,
控制权,n,2,,,,
推断,v,2,,,,
推断出,i,2,,,,
措施,n,2,,,,
提,v,2,,,,
提举,v,2,,,,
提出诉讼,l,2,,,,
提升,v,2,,,,
提名,v,2,,,,
提成,v,2,,,,
提货,v,2,,,,
提高,v,2,,,,
操作,v,2,,,,
支付宝,nr,2,,,,
支行,v,2,,,,
收归,v,2,,,,
收支平衡,i,2,,,,
改变,v,2,,,,
故仅,c,2,,,,
故倪,n,2,,,,
故周,n,2,,,,
故而,c,2,,,,
效益,n,2,,,,
敬鲁,nr,2,,,,
数,n,2,,,,
数次,m,2,,,,
数量,n,2,,,,
整个,b,2,,,,
整体,n,2,,,,
文,n,2,,,,
文中,s,2,,,,
文化用品,n,2,,,,
文档,n,2,,,,
斯乐,nr,2,,,,
斯特,nrt,2,,,,
新,ns,2,,,,
新路,nz,2,,,,
新闻,n,2,,,,
无,c,2,,,,
无理,v,2,,,,
无锡市,ns,2,,,,
既然,c,2,,,,
日及,ns,2,,,,
日后,t,2,,,,
日常生活,i,2,,,,
日本,ns,2,,,,
时合,n,2,,,,
昌海,ns,2,,,,
昌胜,nr,2,,,,
明于,v,2,,,,
明文规定,l,2,,,,
易立,nr,2,,,,
普民三,nz,2,,,,
普陀区,ns,2,,,,
智,n,2,,,,
智,ng,2,,,,
暂定,d,2,,,,
暂计,v,2,,,,
更具,v,2,,,,
最低,a,2,,,,
月俪,n,2,,,,
有些,r,2,,,,
有没有,v,2,,,,
服,vn,2,,,,
服务中心,n,2,,,,
期待,v,2,,,,
未曾,d,2,,,,
本着,p,2,,,,
本职工作,n,2,,,,
朱云丽,nr,2,,,,
机械,n,2,,,,
权系,n,2,,,,
李元姚,nr,2,,,,
李勤夫,nr,2,,,,
李启君,nr,2,,,,
李文清,nr,2,,,,
李晓荣,nr,2,,,,
李鑫,nr,2,,,,
杜冰洁,nr,2,,,,
条,q,2,,,,
条文,n,2,,,,
杨志凌,nr,2,,,,
杨文智,nr,2,,,,
杨民,nr,2,,,,
杨衡微,nr,2,,,,
杭州,ns,2,,,,
杭州市中级人民法院,nt,2,,,,
林薇,nr,2,,,,
查,v,2,,,,
核准,n,2,,,,
案号,n,2,,,,
案涉,v,2,,,,
梁佳,nr,2,,,,
梁好臣,nr,2,,,,
梦,n,2,,,,
检查,vn,2,,,,
棋类,n,2,,,,
概念,n,2,,,,
樊,nr,2,,,,
模具,n,2,,,,
欠,v,2,,,,
欧索,ns,2,,,,
欧翠,nr,2,,,,
正当性,n,2,,,,
正当竞争,l,2,,,,
此时,c,2,,,,
此次,r,2,,,,
此款,r,2,,,,
此类,r,2,,,,
此项,r,2,,,,
殷泰,nr,2,,,,
母亲,n,2,,,,
每,r,2,,,,
每届,r,2,,,,
每股,r,2,,,,
比较,d,2,,,,
民,ng,2,,,,
民事权利,n,2,,,,
民事案件,n,2,,,,
气压,n,2,,,,
氧舱,n,2,,,,
水电费,n,2,,,,
永,d,2,,,,
永信瑞,nr,2,,,,
求,v,2,,,,
汇总,n,2,,,,
江裕昌,nr,2,,,,
汪晓刚,nr,2,,,,
汪淳莉,nr,2,,,,
汽车修理,n,2,,,,
汽车配件,n,2,,,,
汽车饰品,n,2,,,,
沈,nr,2,,,,
沈中民,nr,2,,,,
沈和民三初字,nz,2,,,,
沈和连,ns,2,,,,
沙法,n,2,,,,
河南省,ns,2,,,,
泉,ns,2,,,,
法,ns,2,,,,
法件,n,2,,,,
法务部,nt,2,,,,
法庭,n,2,,,,
法律文书,nr,2,,,,
法条,n,2,,,,
法沃,ns,2,,,,
注册地,n,2,,,,
泰,ns,2,,,,
洪谦欲,nr,2,,,,
洪谦自,nr,2,,,,
派生,v,2,,,,
流向,n,2,,,,
流失,v,2,,,,
浙,ns,2,,,,
海波,n,2,,,,
海航,j,2,,,,
海运,n,2,,,,
润蕾,n,2,,,,
润蕾云,n,2,,,,
淘米,n,2,,,,
清偿,vn,2,,,,
清偿债务,n,2,,,,
清洁,a,2,,,,
渝,j,2,,,,
湜,zg,2,,,,
滞纳金,n,2,,,,
满族,nz,2,,,,
滥用职权,l,2,,,,
漫趣,a,2,,,,
潘丽霞,nr,2,,,,
点,m,2,,,,
焜,zg,2,,,,
然,r,2,,,,
煤炭,n,2,,,,
照片,n,2,,,,
爱迪士,nr,2,,,,
父亲,n,2,,,,
牟取,v,2,,,,
物品,n,2,,,,
特殊性,n,2,,,,
犯虚,v,2,,,,
独家代理,i,2,,,,
玉林,nr,2,,,,
王伟,nr,2,,,,
王岩,nr,2,,,,
环评,j,2,,,,
现代,t,2,,,,
珠,ng,2,,,,
理解,v,2,,,,
瑞,j,2,,,,
甚至,d,2,,,,
生住,v,2,,,,
生效日,n,2,,,,
用为,v,2,,,,
用地,n,2,,,,
用语,n,2,,,,
甬,j,2,,,,
由此可知,l,2,,,,
由眭蓓蓓,nr,2,,,,
甲乙双方,nz,2,,,,
申报表,n,2,,,,
申请表,n,2,,,,
电解液,n,2,,,,
留,v,2,,,,
疆,n,2,,,,
疑问,v,2,,,,
登记表,nz,2,,,,
登陆,v,2,,,,
白蛇传,nr,2,,,,
盈利,n,2,,,,
监控,vn,2,,,,
盘,q,2,,,,
盛励,v,2,,,,
盛睿,nrfg,2,,,,
相似性,n,2,,,,
相吻合,n,2,,,,
相当于,v,2,,,,
真实情况,l,2,,,,
眭蓓蓓与,nr,2,,,,
眭蓓蓓马,nr,2,,,,
睿信,a,2,,,,
知悉,v,2,,,,
砥,ng,2,,,,
确认函,v,2,,,,
祖,nr,2,,,,
票据,n,2,,,,
福公司,nt,2,,,,
福州,ns,2,,,,
福江,ns,2,,,,
福田区,ns,2,,,,
福门,ns,2,,,,
离婚,v,2,,,,
科传,n,2,,,,
科学仪器,n,2,,,,
科工贸,n,2,,,,
科技园,n,2,,,,
称该,v,2,,,,
税后,t,2,,,,
穷尽,a,2,,,,
空白,n,2,,,,
竞买人,n,2,,,,
笔记本电脑,n,2,,,,
符合事实,n,2,,,,
等同于,vi,2,,,,
策略,n,2,,,,
筹款,n,2,,,,
管理权,n,2,,,,
管理权限,n,2,,,,
管理混乱,l,2,,,,
管理者,n,2,,,,
米,m,2,,,,
米,q,2,,,,
粤,j,2,,,,
精密机械,n,2,,,,
精神,n,2,,,,
系列产品,n,2,,,,
系因,n,2,,,,
系山,n,2,,,,
系易富,n,2,,,,
系游,n,2,,,,
系艺,n,2,,,,
紧张,a,2,,,,
紫荆,nr,2,,,,
累积,v,2,,,,
红霞,nr,2,,,,
纯,a,2,,,,
纳入,v,2,,,,
纳税人,n,2,,,,
线,n,2,,,,
经从,p,2,,,,
经将,n,2,,,,
经手,n,2,,,,
绝对权,n,2,,,,
缔约,n,2,,,,
罐头食品,n,2,,,,
网上,s,2,,,,
罗青,nr,2,,,,
罚款,n,2,,,,
群,n,2,,,,
羽,q,2,,,,
者,k,2,,,,
职务工资,n,2,,,,
职员,n,2,,,,
职工工资,n,2,,,,
职能,n,2,,,,
联名,v,2,,,,
联络,n,2,,,,
聘用,v,2,,,,
聚,v,2,,,,
聚威,n,2,,,,
肉制品,n,2,,,,
股价,n,2,,,,
股利,n,2,,,,
股本,n,2,,,,
自主,v,2,,,,
自任,v,2,,,,
自然,d,2,,,,
船,n,2,,,,
节,v,2,,,,
节省,n,2,,,,
芜湖,ns,2,,,,
芬,zg,2,,,,
苛责,v,2,,,,
英国,ns,2,,,,
草签,n,2,,,,
药品,n,2,,,,
药品监督管理局,nt,2,,,,
药店,n,2,,,,
莉莉,nrt,2,,,,
莱,ns,2,,,,
营,n,2,,,,
营养食品,n,2,,,,
落实,a,2,,,,
蒋某,nr,2,,,,
蒋秀高,nr,2,,,,
虽为,c,2,,,,
虽于,c,2,,,,
虽以,c,2,,,,
行为主体,n,2,,,,
行政部,n,2,,,,
街,n,2,,,,
补偿,vn,2,,,,
补偿款,n,2,,,,
裁决,v,2,,,,
装修,v,2,,,,
西安,ns,2,,,,
规模较,v,2,,,,
解除合同,i,2,,,,
计提,n,2,,,,
计算方法,n,2,,,,
计算机信息,n,2,,,,
计算机网络,n,2,,,,
认真完成,i,2,,,,
论证,n,2,,,,
访谈,v,2,,,,
评估价,n,2,,,,
评定,v,2,,,,
评析,vn,2,,,,
评述,v,2,,,,
诉明,v,2,,,,
译本,n,2,,,,
诚捷,a,2,,,,
该国,r,2,,,,
该组,r,2,,,,
谁,r,2,,,,
调薪,v,2,,,,
谢勇,nr,2,,,,
谢琦永,nr,2,,,,
谭,nr,2,,,,
豪杰,nrt,2,,,,
财产权利,n,2,,,,
财务会计,n,2,,,,
财务制度,n,2,,,,
财务状况,n,2,,,,
财务部,nt,2,,,,
责任保险,n,2,,,,
账款,n,2,,,,
货运,n,2,,,,
购销,v,2,,,,
贵州,ns,2,,,,
资本,n,2,,,,
资讯,n,2,,,,
资金占用,n,2,,,,
赔偿款,n,2,,,,
赚取,v,2,,,,
赛,n,2,,,,
赛克,nz,2,,,,
赞同,v,2,,,,
走,v,2,,,,
赵尔坤,nrfg,2,,,,
赵才,nr,2,,,,
赵晓洁,nr,2,,,,
赵栋,nr,2,,,,
赵雪艳,nr,2,,,,
起诉书,n,2,,,,
超额,b,2,,,,
足以认定,i,2,,,,
跟踪,v,2,,,,
跨度,n,2,,,,
路易丝,n,2,,,,
转付,v,2,,,,
转包,v,2,,,,
转售,v,2,,,,
转给,v,2,,,,
转至,v,2,,,,
转让金,n,2,,,,
软体,n,2,,,,
较为简单,z,2,,,,
辅助,vn,2,,,,
辉,nr,2,,,,
辛颖梅,nr,2,,,,
辩护,v,2,,,,
辰,ng,2,,,,
边,d,2,,,,
辽,j,2,,,,
达成协议,nz,2,,,,
过于,v,2,,,,
过分,n,2,,,,
运动服装,n,2,,,,
运用,vn,2,,,,
运行,v,2,,,,
还要,c,2,,,,
进出,v,2,,,,
进货价格,n,2,,,,
违约金,n,2,,,,
连,u,2,,,,
连任,v,2,,,,
连选,v,2,,,,
迪欧,ns,2,,,,
追诉,v,2,,,,
退一步讲,l,2,,,,
退休,v,2,,,,
适切,a,2,,,,
逃避,v,2,,,,
逆向,n,2,,,,
选择权,n,2,,,,
通行证,n,2,,,,
通讯,nz,2,,,,
遂,d,2,,,,
道歉,v,2,,,,
遭到,v,2,,,,
那样,r,2,,,,
邮箱,n,2,,,,
邱水,nr,2,,,,
郭,nr,2,,,,
郭宏军,nr,2,,,,
都江堰,ns,2,,,,
都邦,n,2,,,,
配件,n,2,,,,
配备,v,2,,,,
采取,v,2,,,,
重,a,2,,,,
重叠,v,2,,,,
金义,n,2,,,,
金博,nr,2,,,,
金慧,nr,2,,,,
钟志辉,nr,2,,,,
钢结构,n,2,,,,
铁军,n,2,,,,
铁旅,n,2,,,,
铝,n,2,,,,
银球,n,2,,,,
销售款,n,2,,,,
销售部,n,2,,,,
销售额,n,2,,,,
镇江市,ns,2,,,,
长宁区,ns,2,,,,
长峰,ns,2,,,,
长江,ns,2,,,,
附属,b,2,,,,
附表,n,2,,,,
陆犀莉,nr,2,,,,
陆豹,nr,2,,,,
陈俊良,nr,2,,,,
陈操,nr,2,,,,
陈朝泰,nr,2,,,,
陈江,nr,2,,,,
除名,v,2,,,,
随后,d,2,,,,
随着,p,2,,,,
难,a,2,,,,
难予,v,2,,,,
集中,v,2,,,,
零元,m,2,,,,
雷同,nr,2,,,,
需承担,n,2,,,,
霍,nr,2,,,,
青春,ns,2,,,,
青民二初字,nz,2,,,,
青浦区,ns,2,,,,
非专利,l,2,,,,
非国有,b,2,,,,
韦品,nr,2,,,,
项下,n,2,,,,
项之,nr,2,,,,
项晨,nr,2,,,,
顺利进行,n,2,,,,
顾,v,2,,,,
顾北亭,nr,2,,,,
顾钧,nr,2,,,,
预,v,2,,,,
颐,ns,2,,,,
首届,m,2,,,,
骆永基,nr,2,,,,
验收,v,2,,,,
骨语,nz,2,,,,
高于,v,2,,,,
高压氧,n,2,,,,
高新区,nr,2,,,,
高科技,nz,2,,,,
鲍继明,nr,2,,,,
麟韵合,nz,2,,,,
黄,n,2,,,,
黄日山,ns,2,,,,
黄瑛,nr,2,,,,
默认,v,2,,,,
齐材,n,2,,,,
％,x,2,,,,
／,x,2,,,,
+,x,1,,,,
0,m,1,,,,
176,m,1,,,,
36,m,1,,,,
116,m,1,,,,
2,m,1,,,,
302,m,1,,,,
5,m,1,,,,
7807,m,1,,,,
911,m,1,,,,
1002,m,1,,,,
100720,m,1,,,,
101,m,1,,,,
1011,m,1,,,,
1014021,m,1,,,,
10180,m,1,,,,
102015,m,1,,,,
1022000,m,1,,,,
10299,m,1,,,,
103525,m,1,,,,
103682,m,1,,,,
10381,m,1,,,,
10488,m,1,,,,
1050,m,1,,,,
105000,m,1,,,,
10641,m,1,,,,
10725,m,1,,,,
10852,m,1,,,,
108734,m,1,,,,
109370,m,1,,,,
110000,m,1,,,,
11031,m,1,,,,
11070,m,1,,,,
1108,m,1,,,,
1120,m,1,,,,
112007,m,1,,,,
11223,m,1,,,,
113624,m,1,,,,
115600,m,1,,,,
1165,m,1,,,,
116936260,m,1,,,,
117342,m,1,,,,
1176700,m,1,,,,
117973628,m,1,,,,
1182477,m,1,,,,
1182600,m,1,,,,
1182974,m,1,,,,
11991,m,1,,,,
11994,m,1,,,,
11997,m,1,,,,
12013,m,1,,,,
120636705,m,1,,,,
12084,m,1,,,,
12103,m,1,,,,
1219075,m,1,,,,
122221,m,1,,,,
123,m,1,,,,
12303,m,1,,,,
1234910039,m,1,,,,
12358,m,1,,,,
1240698299,m,1,,,,
124516332,m,1,,,,
124949851,m,1,,,,
1250,m,1,,,,
1270,m,1,,,,
1270248,m,1,,,,
12738,m,1,,,,
12800,m,1,,,,
1281455098,m,1,,,,
128248,m,1,,,,
128750,m,1,,,,
12896,m,1,,,,
128967711,m,1,,,,
1290,m,1,,,,
12903,m,1,,,,
12939,m,1,,,,
13111,m,1,,,,
13198,m,1,,,,
13200,m,1,,,,
13221,m,1,,,,
13230,m,1,,,,
13302,m,1,,,,
1334,m,1,,,,
13380,m,1,,,,
135296,m,1,,,,
13540,m,1,,,,
136661459,m,1,,,,
1376084250,m,1,,,,
13772,m,1,,,,
14026,m,1,,,,
1.41516E+17,m,1,,,,
141800,m,1,,,,
142754,m,1,,,,
14342,m,1,,,,
14400,m,1,,,,
14468,m,1,,,,
145350,m,1,,,,
14704,m,1,,,,
14715,m,1,,,,
147550,m,1,,,,
147973628,m,1,,,,
14824666,m,1,,,,
14850524,m,1,,,,
1487828,m,1,,,,
150,m,1,,,,
15000,m,1,,,,
1500000,m,1,,,,
15047,m,1,,,,
15078618,m,1,,,,
15144,m,1,,,,
151800,m,1,,,,
152300,m,1,,,,
1526,m,1,,,,
15304774,m,1,,,,
153058,m,1,,,,
153101922,m,1,,,,
1535,m,1,,,,
153744,m,1,,,,
1539,m,1,,,,
15396,m,1,,,,
15400,m,1,,,,
15521442,m,1,,,,
15578618,m,1,,,,
15600,m,1,,,,
1582,m,1,,,,
1583,m,1,,,,
16060,m,1,,,,
160600,m,1,,,,
1617660,m,1,,,,
16177467,m,1,,,,
16190,m,1,,,,
1639204,m,1,,,,
16442,m,1,,,,
16600,m,1,,,,
16635,m,1,,,,
166360,m,1,,,,
168000,m,1,,,,
168208965,m,1,,,,
1683,m,1,,,,
16985,m,1,,,,
170916,m,1,,,,
172,m,1,,,,
1720,m,1,,,,
1726,m,1,,,,
17264,m,1,,,,
1732893852,m,1,,,,
175566,m,1,,,,
17568,m,1,,,,
17573,m,1,,,,
17800,m,1,,,,
18023850,m,1,,,,
180700,m,1,,,,
18122,m,1,,,,
18314,m,1,,,,
18392,m,1,,,,
185000,m,1,,,,
189,m,1,,,,
189655,m,1,,,,
18972,m,1,,,,
19123,m,1,,,,
191800,m,1,,,,
19200,m,1,,,,
19328067,m,1,,,,
1940,m,1,,,,
194288,m,1,,,,
1946415,m,1,,,,
1947188065,m,1,,,,
1949,m,1,,,,
1953,m,1,,,,
195466585,m,1,,,,
196,m,1,,,,
19637,m,1,,,,
197719,m,1,,,,
1980,m,1,,,,
1983,m,1,,,,
1990,m,1,,,,
1991,m,1,,,,
1993,m,1,,,,
1995,m,1,,,,
1998,m,1,,,,
1号店,n,1,,,,
200000,m,1,,,,
2001,m,1,,,,
20114,m,1,,,,
20124,m,1,,,,
20125,m,1,,,,
20126,m,1,,,,
20127,m,1,,,,
20128,m,1,,,,
201307,m,1,,,,
20137,m,1,,,,
20138,m,1,,,,
20139,m,1,,,,
20140,m,1,,,,
20141,m,1,,,,
202014,m,1,,,,
2021,m,1,,,,
2022,m,1,,,,
2024,m,1,,,,
2028,m,1,,,,
203,m,1,,,,
2050,m,1,,,,
206,m,1,,,,
2098,m,1,,,,
210,m,1,,,,
2.10122E+16,m,1,,,,
2106,m,1,,,,
21125,m,1,,,,
2117,m,1,,,,
2117660,m,1,,,,
21225,m,1,,,,
212556,m,1,,,,
214369267,m,1,,,,
2145,m,1,,,,
21450,m,1,,,,
2150,m,1,,,,
21568,m,1,,,,
216768,m,1,,,,
2181,m,1,,,,
2188237,m,1,,,,
2190,m,1,,,,
219076489,m,1,,,,
21956,m,1,,,,
21994,m,1,,,,
21996,m,1,,,,
22009,m,1,,,,
22013,m,1,,,,
22015,m,1,,,,
22018,m,1,,,,
22053941,m,1,,,,
22192,m,1,,,,
22253,m,1,,,,
22561,m,1,,,,
2286,m,1,,,,
2295,m,1,,,,
23000,m,1,,,,
23192,m,1,,,,
2320,m,1,,,,
232427,m,1,,,,
2327,m,1,,,,
234,m,1,,,,
23427,m,1,,,,
235839,m,1,,,,
236,m,1,,,,
2392,m,1,,,,
2395,m,1,,,,
240,m,1,,,,
241,m,1,,,,
241351172,m,1,,,,
2417,m,1,,,,
2427,m,1,,,,
2446534,m,1,,,,
246780393,m,1,,,,
2477350,m,1,,,,
24955,m,1,,,,
24960,m,1,,,,
250,m,1,,,,
25047,m,1,,,,
25200,m,1,,,,
2525,m,1,,,,
25346,m,1,,,,
254,m,1,,,,
2544,m,1,,,,
25440,m,1,,,,
2546,m,1,,,,
25510,m,1,,,,
2580,m,1,,,,
25884005,m,1,,,,
259,m,1,,,,
26000,m,1,,,,
261800,m,1,,,,
26225,m,1,,,,
262829,m,1,,,,
2640,m,1,,,,
265064,m,1,,,,
26568,m,1,,,,
26578,m,1,,,,
2668789561,m,1,,,,
272618,m,1,,,,
27379,m,1,,,,
27566741,m,1,,,,
277674,m,1,,,,
27889,m,1,,,,
27983,m,1,,,,
2824380,m,1,,,,
28275,m,1,,,,
2829,m,1,,,,
284379181,m,1,,,,
2887,m,1,,,,
289149,m,1,,,,
2929,m,1,,,,
2943,m,1,,,,
29455,m,1,,,,
29565266,m,1,,,,
3000000,m,1,,,,
30026,m,1,,,,
30027,m,1,,,,
30056,m,1,,,,
3025,m,1,,,,
3033640,m,1,,,,
30540,m,1,,,,
30756,m,1,,,,
31250,m,1,,,,
319199,m,1,,,,
3199,m,1,,,,
31996,m,1,,,,
32008,m,1,,,,
32013,m,1,,,,
32077,m,1,,,,
3221,m,1,,,,
32241,m,1,,,,
3233,m,1,,,,
3256,m,1,,,,
328750,m,1,,,,
33733,m,1,,,,
33748,m,1,,,,
340,m,1,,,,
3400,m,1,,,,
34052,m,1,,,,
34254,m,1,,,,
343619563,m,1,,,,
34458,m,1,,,,
34728,m,1,,,,
3480,m,1,,,,
350,m,1,,,,
3500,m,1,,,,
3500000,m,1,,,,
35329,m,1,,,,
3570,m,1,,,,
36383,m,1,,,,
366871,m,1,,,,
36887003,m,1,,,,
3696,m,1,,,,
3711,m,1,,,,
373666,m,1,,,,
3789,m,1,,,,
37933606,m,1,,,,
379947,m,1,,,,
3800,m,1,,,,
38242,m,1,,,,
3842,m,1,,,,
3851,m,1,,,,
38894441,m,1,,,,
39231,m,1,,,,
3941360000,m,1,,,,
395,m,1,,,,
395000,m,1,,,,
3975,m,1,,,,
40223,m,1,,,,
4047800,m,1,,,,
40644245,m,1,,,,
40726,m,1,,,,
40956,m,1,,,,
410,m,1,,,,
410462,m,1,,,,
41080,m,1,,,,
412,m,1,,,,
4140,m,1,,,,
41590,m,1,,,,
4187,m,1,,,,
41914706237,m,1,,,,
4193,m,1,,,,
41994,m,1,,,,
41996,m,1,,,,
42,m,1,,,,
42013,m,1,,,,
4234,m,1,,,,
42350,m,1,,,,
4267,m,1,,,,
427737,m,1,,,,
42850524,m,1,,,,
431970,m,1,,,,
43560,m,1,,,,
44105,m,1,,,,
4493,m,1,,,,
4500,m,1,,,,
450000,m,1,,,,
450715,m,1,,,,
4508,m,1,,,,
4512,m,1,,,,
4570,m,1,,,,
460,m,1,,,,
4605,m,1,,,,
4638,m,1,,,,
466,m,1,,,,
470,m,1,,,,
47000,m,1,,,,
4704,m,1,,,,
47168,m,1,,,,
472257,m,1,,,,
472400,m,1,,,,
4746220,m,1,,,,
48216,m,1,,,,
4844,m,1,,,,
486688,m,1,,,,
488590,m,1,,,,
4956750,m,1,,,,
49800,m,1,,,,
499,m,1,,,,
5003,m,1,,,,
50428,m,1,,,,
5050,m,1,,,,
5.05153E+21,m,1,,,,
5070,m,1,,,,
51,m,1,,,,
5100,m,1,,,,
512,m,1,,,,
512081857,m,1,,,,
515001,m,1,,,,
5167,m,1,,,,
5200,m,1,,,,
5208845,m,1,,,,
52088475,m,1,,,,
524,m,1,,,,
524385,m,1,,,,
5244,m,1,,,,
5.26002E+16,m,1,,,,
52842,m,1,,,,
53,m,1,,,,
534609,m,1,,,,
536,m,1,,,,
5380000,m,1,,,,
5380127,m,1,,,,
54000,m,1,,,,
5416,m,1,,,,
542,m,1,,,,
54200,m,1,,,,
5500,m,1,,,,
551000,m,1,,,,
5535,m,1,,,,
5569,m,1,,,,
5572615,m,1,,,,
5676,m,1,,,,
567851,m,1,,,,
57,m,1,,,,
57176,m,1,,,,
576,m,1,,,,
5797622,m,1,,,,
5802,m,1,,,,
58650,m,1,,,,
58700,m,1,,,,
589028702,m,1,,,,
6000,m,1,,,,
6013,m,1,,,,
6027,m,1,,,,
6084,m,1,,,,
6098,m,1,,,,
610831,m,1,,,,
61999,m,1,,,,
620,m,1,,,,
6278,m,1,,,,
6288,m,1,,,,
62901,m,1,,,,
629826268,m,1,,,,
629832,m,1,,,,
629926,m,1,,,,
63,m,1,,,,
6340,m,1,,,,
635963986,m,1,,,,
64,m,1,,,,
640400,m,1,,,,
6442,m,1,,,,
64638,m,1,,,,
6466,m,1,,,,
6500,m,1,,,,
65000,m,1,,,,
6534,m,1,,,,
6575,m,1,,,,
6577,m,1,,,,
6599,m,1,,,,
6600,m,1,,,,
660469808,m,1,,,,
660746,m,1,,,,
666,m,1,,,,
667,m,1,,,,
67000,m,1,,,,
6772,m,1,,,,
67800,m,1,,,,
67937305,m,1,,,,
680,m,1,,,,
68661,m,1,,,,
68884884,m,1,,,,
691394200,m,1,,,,
695000,m,1,,,,
69943,m,1,,,,
7000,m,1,,,,
70000,m,1,,,,
702264,m,1,,,,
704,m,1,,,,
7040,m,1,,,,
7056,m,1,,,,
7071,m,1,,,,
71300,m,1,,,,
71712989,m,1,,,,
718975,m,1,,,,
7244,m,1,,,,
7273,m,1,,,,
7323,m,1,,,,
733,m,1,,,,
734,m,1,,,,
7362,m,1,,,,
7465350,m,1,,,,
7500,m,1,,,,
7533,m,1,,,,
7576,m,1,,,,
7591043,m,1,,,,
75984994,m,1,,,,
76222,m,1,,,,
77,m,1,,,,
77779827,m,1,,,,
789,m,1,,,,
795389,m,1,,,,
7983,m,1,,,,
800,m,1,,,,
80133,m,1,,,,
80218,m,1,,,,
80400,m,1,,,,
8080,m,1,,,,
81,m,1,,,,
8173,m,1,,,,
8200,m,1,,,,
82000,m,1,,,,
82008,m,1,,,,
82013,m,1,,,,
82200,m,1,,,,
823574,m,1,,,,
8239325,m,1,,,,
8283,m,1,,,,
83,m,1,,,,
8300,m,1,,,,
8340,m,1,,,,
836834,m,1,,,,
8414,m,1,,,,
84653,m,1,,,,
85458,m,1,,,,
8556,m,1,,,,
8592955,m,1,,,,
86,m,1,,,,
860,m,1,,,,
8740,m,1,,,,
877830,m,1,,,,
8827,m,1,,,,
8951,m,1,,,,
9046,m,1,,,,
9050,m,1,,,,
909333,m,1,,,,
9159,m,1,,,,
91800,m,1,,,,
92006,m,1,,,,
92014,m,1,,,,
925,m,1,,,,
92630425,m,1,,,,
9268,m,1,,,,
9310,m,1,,,,
9313,m,1,,,,
93600,m,1,,,,
93800,m,1,,,,
9533891,m,1,,,,
957711456,m,1,,,,
96,m,1,,,,
966,m,1,,,,
9660,m,1,,,,
97,m,1,,,,
98100,m,1,,,,
9819,m,1,,,,
9828126,m,1,,,,
9836,m,1,,,,
9900,m,1,,,,
9906,m,1,,,,
99464,m,1,,,,
9962,m,1,,,,
9966,m,1,,,,
99900,m,1,,,,
;,x,1,,,,
A,eng,1,,,,
A1,eng,1,,,,
AGC,eng,1,,,,
ALL,eng,1,,,,
App,eng,1,,,,
CMO,eng,1,,,,
D,x,1,,,,
DY,eng,1,,,,
HoJIANG,eng,1,,,,
KOMPASS,eng,1,,,,
NYC147849,eng,1,,,,
PATRICKLYNCH,eng,1,,,,
PDF,eng,1,,,,
PDST,eng,1,,,,
PHILPMLYNCH,eng,1,,,,
POS,eng,1,,,,
QQ,eng,1,,,,
QQ号,n,1,,,,
SSGF,eng,1,,,,
VFPRODUCTION,eng,1,,,,
VICEGENERALMANAGER,eng,1,,,,
VR,eng,1,,,,
ViceGenerlMnger2015,eng,1,,,,
YC10,eng,1,,,,
YC11,eng,1,,,,
YC12,eng,1,,,,
YC3,eng,1,,,,
YC4,eng,1,,,,
YC8,eng,1,,,,
YC9,eng,1,,,,
YD5,eng,1,,,,
YD6,eng,1,,,,
Z,eng,1,,,,
cool,eng,1,,,,
ct,eng,1,,,,
g,eng,1,,,,
mgicline,eng,1,,,,
wwwnet,eng,1,,,,
·,x,1,,,,
‘,x,1,,,,
’,x,1,,,,
→,x,1,,,,
〔,x,1,,,,
〕,x,1,,,,
一万二千,m,1,,,,
一万八千,m,1,,,,
一个月,m,1,,,,
一于,c,1,,,,
一会,m,1,,,,
一位,m,1,,,,
一体化,l,1,,,,
一共,j,1,,,,
一千零五,m,1,,,,
一半,m,1,,,,
一即,d,1,,,,
一台,m,1,,,,
一天,m,1,,,,
一式,n,1,,,,
一成不变,i,1,,,,
一曲,m,1,,,,
一本,m,1,,,,
一楼,n,1,,,,
一概,d,1,,,,
一次性,d,1,,,,
一款,m,1,,,,
一派,m,1,,,,
一点,m,1,,,,
一百,m,1,,,,
一眭蓓蓓马,nr,1,,,,
一笔,m,1,,,,
一级,m,1,,,,
一经,d,1,,,,
一览表,n,1,,,,
一辆,m,1,,,,
一限,a,1,,,,
丁杰,nr,1,,,,
七年,m,1,,,,
七月,t,1,,,,
丈夫,n,1,,,,
三一,m,1,,,,
三万元,m,1,,,,
三中,ns,1,,,,
三分之二,m,1,,,,
三十万元,m,1,,,,
三十八,m,1,,,,
三十六,m,1,,,,
三十六条,m,1,,,,
三千元,m,1,,,,
三原,ns,1,,,,
三台,m,1,,,,
三德盾,nz,1,,,,
三次,m,1,,,,
三王,nrt,1,,,,
三种,m,1,,,,
三类,m,1,,,,
三级,b,1,,,,
三者,n,1,,,,
三航,j,1,,,,
三资企业,j,1,,,,
上下班,v,1,,,,
上下级,b,1,,,,
上为,v,1,,,,
上以,v,1,,,,
上传,v,1,,,,
上作,v,1,,,,
上午,t,1,,,,
上司,n,1,,,,
上后,t,1,,,,
上次,t,1,,,,
上法博洋,ns,1,,,,
上派,b,1,,,,
上海市公安局,nt,1,,,,
上海浦东新区,ns,1,,,,
上润蕾,nr,1,,,,
上游,f,1,,,,
上看,v,1,,,,
上级,b,1,,,,
上级部门,l,1,,,,
上诉期,b,1,,,,
上述情况,n,1,,,,
下,v,1,,,,
下三,t,1,,,,
下半年,t,1,,,,
下单,n,1,,,,
下向,v,1,,,,
下才,t,1,,,,
下本,n,1,,,,
下来,t,1,,,,
下水管,n,1,,,,
下级,b,1,,,,
下结论,n,1,,,,
下落,v,1,,,,
下载,v,1,,,,
下述,v,1,,,,
下长,v,1,,,,
不一但,c,1,,,,
不以,c,1,,,,
不以,v,1,,,,
不具,n,1,,,,
不及,c,1,,,,
不受,v,1,,,,
不同于,c,1,,,,
不因,n,1,,,,
不大,a,1,,,,
不定期,d,1,,,,
不尽合理,l,1,,,,
不尽相同,i,1,,,,
不廉,a,1,,,,
不断,d,1,,,,
不由,a,1,,,,
不确定性,n,1,,,,
不管,c,1,,,,
不经,d,1,,,,
不能到达,l,1,,,,
不行,v,1,,,,
不解,v,1,,,,
不顾,v,1,,,,
与会,v,1,,,,
与眭蓓蓓,nr,1,,,,
专,v,1,,,,
专利技术,n,1,,,,
专属性,n,1,,,,
专案,n,1,,,,
专用,n,1,,,,
业务经理,n,1,,,,
业务联系,n,1,,,,
业务范围,n,1,,,,
东,f,1,,,,
东亚银行,nt,1,,,,
东南角,f,1,,,,
东城区,ns,1,,,,
东胡,nr,1,,,,
东金博,nr,1,,,,
两审,n,1,,,,
两张,m,1,,,,
两方,m,1,,,,
两者之间,l,1,,,,
两节,m,1,,,,
严格执行,nr,1,,,,
严格考核,nr,1,,,,
严格遵守,nr,1,,,,
个,q,1,,,,
个人电脑,n,1,,,,
中一亚,nz,1,,,,
中丽,ns,1,,,,
中乐辉,nz,1,,,,
中佳,j,1,,,,
中信,nz,1,,,,
中兴公司,nt,1,,,,
中升,v,1,,,,
中华人民,ns,1,,,,
中吴,ns,1,,,,
中周,t,1,,,,
中国海关,nt,1,,,,
中国电子商务协会,nt,1,,,,
中在,t,1,,,,
中外,f,1,,,,
中央,n,1,,,,
中宋,t,1,,,,
中审,j,1,,,,
中将,n,1,,,,
中尚,n,1,,,,
中层,n,1,,,,
中山市,ns,1,,,,
中弗,nz,1,,,,
中张,ns,1,,,,
中思永,nr,1,,,,
中故赛邦,ns,1,,,,
中明州,ns,1,,,,
中普,ns,1,,,,
中普旭,nr,1,,,,
中标,n,1,,,,
中洪谦,nr,1,,,,
中派华,nt,1,,,,
中浦,ns,1,,,,
中盛军,nt,1,,,,
中科,ns,1,,,,
中秦,t,1,,,,
中诚,nt,1,,,,
中转,v,1,,,,
中马,ns,1,,,,
中骨语,nz,1,,,,
中鲁,ns,1,,,,
中鸿,nr,1,,,,
丹阳市,ns,1,,,,
为余,r,1,,,,
为先,v,1,,,,
为对,p,1,,,,
为案,r,1,,,,
为止,v,1,,,,
为由,p,1,,,,
为眭蓓蓓,nr,1,,,,
主文,n,1,,,,
主旨,n,1,,,,
丽仁,nr,1,,,,
举报,v,1,,,,
举行,v,1,,,,
乃至,c,1,,,,
么,nr,1,,,,
之三,r,1,,,,
之上,f,1,,,,
之久,r,1,,,,
之二,r,1,,,,
之时,c,1,,,,
之说,c,1,,,,
乐,a,1,,,,
乐视,v,1,,,,
乐金,n,1,,,,
九十七,m,1,,,,
九州,ns,1,,,,
九百,m,1,,,,
也好,y,1,,,,
书信,n,1,,,,
书本,n,1,,,,
书系,n,1,,,,
书面形式,n,1,,,,
书页,n,1,,,,
买,v,1,,,,
买入,v,1,,,,
买卖,v,1,,,,
予,v,1,,,,
事业,n,1,,,,
事先,d,1,,,,
事关,n,1,,,,
事发,n,1,,,,
事后,t,1,,,,
事实证明,l,1,,,,
事签,n,1,,,,
二个月,m,1,,,,
二兴,b,1,,,,
二加丹,ns,1,,,,
二十三条,m,1,,,,
二层,m,1,,,,
二张,m,1,,,,
二明州,ns,1,,,,
二曲,m,1,,,,
二期,b,1,,,,
二泰,nrt,1,,,,
二王,nrt,1,,,,
二环,b,1,,,,
二百,m,1,,,,
二航,j,1,,,,
二院,n,1,,,,
二项,m,1,,,,
于洪区,nr,1,,,,
于秉军,nr,1,,,,
互为因果,i,1,,,,
五十九,m,1,,,,
五千,m,1,,,,
五方,m,1,,,,
五日,t,1,,,,
五月,t,1,,,,
五环,nz,1,,,,
五百三十,m,1,,,,
五金,n,1,,,,
五金制品,n,1,,,,
五金工具,n,1,,,,
亚,n,1,,,,
交,n,1,,,,
交割单,n,1,,,,
交回,v,1,,,,
交易额,n,1,,,,
交费,vn,1,,,,
亦予,v,1,,,,
产品价格,n,1,,,,
产品报价,n,1,,,,
产权,n,1,,,,
产生矛盾,l,1,,,,
亲,v,1,,,,
人事安排,nt,1,,,,
人众,n,1,,,,
人合,n,1,,,,
人周勤,n,1,,,,
人外帝邦,nt,1,,,,
人大,j,1,,,,
人据,n,1,,,,
人漫趣,n,1,,,,
人物,n,1,,,,
人称,n,1,,,,
人章,n,1,,,,
人脉关系,l,1,,,,
人财物,nt,1,,,,
亿元,m,1,,,,
仅为,d,1,,,,
仅以,d,1,,,,
仅靠,v,1,,,,
介该,v,1,,,,
仍在,d,1,,,,
仍多,d,1,,,,
从业者,n,1,,,,
从优,d,1,,,,
从入,v,1,,,,
从瑞慈,nr,1,,,,
从神飞,nr,1,,,,
从经,d,1,,,,
从鑫波,nr,1,,,,
付出,v,1,,,,
代中涛,nr,1,,,,
代付款,n,1,,,,
代偿,vn,1,,,,
代晖达,nr,1,,,,
代理权,n,1,,,,
代管人,n,1,,,,
代购,v,1,,,,
代销,v,1,,,,
令人信服,l,1,,,,
以博,ns,1,,,,
以往,t,1,,,,
以德,t,1,,,,
以方,f,1,,,,
仪器,n,1,,,,
们,k,1,,,,
价为,n,1,,,,
价位,n,1,,,,
价税,n,1,,,,
价额,n,1,,,,
任一,r,1,,,,
任中瑞,nr,1,,,,
任强德,nr,1,,,,
任意,v,1,,,,
任某,nr,1,,,,
任用,v,1,,,,
任鑫华,nr,1,,,,
任锋,n,1,,,,
任高管,nr,1,,,,
份文件,n,1,,,,
优,ag,1,,,,
优先,vn,1,,,,
会上,t,1,,,,
传,n,1,,,,
传感器,n,1,,,,
传播,vn,1,,,,
传有,v,1,,,,
估值,n,1,,,,
但一亚,nr,1,,,,
但为,c,1,,,,
但山宇,nr,1,,,,
但德远,nr,1,,,,
但明州,nr,1,,,,
但次,c,1,,,,
但此,c,1,,,,
但津陵,nr,1,,,,
体彩,n,1,,,,
体系,n,1,,,,
何,r,1,,,,
何处,r,1,,,,
何来,d,1,,,,
余款,m,1,,,,
佛山市,ns,1,,,,
作,n,1,,,,
作与,v,1,,,,
作出指示,v,1,,,,
你们,r,1,,,,
佳丽,ns,1,,,,
佳华,nz,1,,,,
佳园,n,1,,,,
使得,v,1,,,,
供应商,n,1,,,,
供述,vn,1,,,,
供销社,n,1,,,,
依,v,1,,,,
依托,v,1,,,,
依法追究,l,1,,,,
依该,v,1,,,,
依赖于,v,1,,,,
依靠,v,1,,,,
侧面,f,1,,,,
侵吞,v,1,,,,
便利性,n,1,,,,
保存,v,1,,,,
保税区,n,1,,,,
保金,n,1,,,,
保险业务,n,1,,,,
保险代理,n,1,,,,
保险单,n,1,,,,
保险费用,n,1,,,,
信义,n,1,,,,
信亚,ns,1,,,,
信号,n,1,,,,
信息化,n,1,,,,
信赖,n,1,,,,
修订稿,n,1,,,,
候小,b,1,,,,
借助,v,1,,,,
借用,v,1,,,,
借给,v,1,,,,
债务人,n,1,,,,
债原,n,1,,,,
债系,n,1,,,,
倾向性,n,1,,,,
倾斜,v,1,,,,
假借,v,1,,,,
做好,v,1,,,,
做账,v,1,,,,
停业整顿,l,1,,,,
停滞,v,1,,,,
停车位,n,1,,,,
储存,n,1,,,,
催告,n,1,,,,
催要,v,1,,,,
傲松,a,1,,,,
儒,n,1,,,,
元依,nr,1,,,,
元因康,nr,1,,,,
元德远,nr,1,,,,
元款,n,1,,,,
元洪谦,nr,1,,,,
元由俪,nr,1,,,,
元由康,nr,1,,,,
元虞夏,nr,1,,,,
兄妹,n,1,,,,
充分行使,n,1,,,,
充足,a,1,,,,
先导,n,1,,,,
先行,n,1,,,,
光大银行,nt,1,,,,
光学,n,1,,,,
光盘,n,1,,,,
光谱仪,n,1,,,,
光路,n,1,,,,
克拉玛依市,ns,1,,,,
全局,n,1,,,,
全权,n,1,,,,
全案,n,1,,,,
全程,n,1,,,,
全部都是,n,1,,,,
八份,m,1,,,,
八十四,m,1,,,,
八条,m,1,,,,
八百,m,1,,,,
八百元,m,1,,,,
公信力,n,1,,,,
公允,nr,1,,,,
公函,n,1,,,,
公司业绩,n,1,,,,
公告送达,n,1,,,,
公安部门,n,1,,,,
公布,v,1,,,,
公平合理,n,1,,,,
公开性,n,1,,,,
公开招标,n,1,,,,
公私,n,1,,,,
六十,m,1,,,,
六十二,m,1,,,,
六千五百,m,1,,,,
六方,m,1,,,,
共同商定,l,1,,,,
共同财产,l,1,,,,
共向,d,1,,,,
共和,nz,1,,,,
共用,n,1,,,,
共管,n,1,,,,
共营,n,1,,,,
关怀,nr,1,,,,
关涉,v,1,,,,
兴,v,1,,,,
兴路,n,1,,,,
具体内容,n,1,,,,
具体情况,l,1,,,,
具体表现,l,1,,,,
典当,a,1,,,,
冀,ns,1,,,,
内外,s,1,,,,
内容分析,l,1,,,,
内应,n,1,,,,
内心,n,1,,,,
内晋宇,nr,1,,,,
内档,b,1,,,,
内民,n,1,,,,
内法,n,1,,,,
内洪谦,nr,1,,,,
内涵,n,1,,,,
内部事务,n,1,,,,
内部人员,n,1,,,,
再外,c,1,,,,
再次发生,i,1,,,,
再行,v,1,,,,
冒,v,1,,,,
写,v,1,,,,
军代表,n,1,,,,
农业银行,nt,1,,,,
农均,j,1,,,,
农是,n,1,,,,
冯某,nr,1,,,,
冲突性,n,1,,,,
决定性,n,1,,,,
决策程序,n,1,,,,
决策者,n,1,,,,
决金,n,1,,,,
况,nr,1,,,,
冶金,n,1,,,,
净利润率,n,1,,,,
净收入,n,1,,,,
净资产,n,1,,,,
准噶尔,ns,1,,,,
准备,v,1,,,,
凌驾于,nr,1,,,,
减溢,v,1,,,,
几,m,1,,,,
几项,m,1,,,,
凤李,nr,1,,,,
凭据,p,1,,,,
出于,v,1,,,,
出入,v,1,,,,
出发,v,1,,,,
出口,vn,1,,,,
出席,v,1,,,,
出来,v,1,,,,
出生,v,1,,,,
出谋,v,1,,,,
出资方,n,1,,,,
函系,n,1,,,,
分包,n,1,,,,
分工,vn,1,,,,
分开,v,1,,,,
分得新,d,1,,,,
分成,v,1,,,,
分担,v,1,,,,
分期分批,n,1,,,,
分离,v,1,,,,
分述,v,1,,,,
分配比例,n,1,,,,
切实,ad,1,,,,
刑事判决,nr,1,,,,
刑事法律,n,1,,,,
刑事犯罪,i,1,,,,
刑事责任,l,1,,,,
刑民,n,1,,,,
刑诉,v,1,,,,
划转,v,1,,,,
列,v,1,,,,
列入,v,1,,,,
列表,n,1,,,,
列项,n,1,,,,
刘德胜,nr,1,,,,
刘春娜,nr,1,,,,
刚刚,d,1,,,,
刚才,t,1,,,,
创办,v,1,,,,
创始人,n,1,,,,
创智,n,1,,,,
利益一致,n,1,,,,
利益冲突,n,1,,,,
利益输送,n,1,,,,
利祥,nr,1,,,,
到场,d,1,,,,
到达,v,1,,,,
制订,v,1,,,,
削减,v,1,,,,
前后,f,1,,,,
前沸鸣,i,1,,,,
前身,r,1,,,,
剥离,v,1,,,,
副,b,1,,,,
副总,n,1,,,,
副食,n,1,,,,
力士,n,1,,,,
力远,nz,1,,,,
劝说,v,1,,,,
办,v,1,,,,
功能,n,1,,,,
加付,v,1,,,,
加入,v,1,,,,
加剧,v,1,,,,
加州,ns,1,,,,
动机,n,1,,,,
劳务费,n,1,,,,
劳务输出,n,1,,,,
劳动法,n,1,,,,
劳动者,n,1,,,,
包,v,1,,,,
化妆品,n,1,,,,
化学,n,1,,,,
化工,n,1,,,,
化电,n,1,,,,
北京市高级人民法院,nt,1,,,,
北京路,ns,1,,,,
北干,ns,1,,,,
北海市,ns,1,,,,
匹配,v,1,,,,
医大,j,1,,,,
医学,n,1,,,,
医通,n,1,,,,
十,m,1,,,,
十二局,m,1,,,,
十五天,m,1,,,,
十五次,m,1,,,,
十元,m,1,,,,
千八百,m,1,,,,
升任,v,1,,,,
升安,v,1,,,,
半,m,1,,,,
华东,ns,1,,,,
协作,vn,1,,,,
协助,v,1,,,,
卓弈,nr,1,,,,
单一,b,1,,,,
单上,d,1,,,,
单中,nr,1,,,,
单价,n,1,,,,
单凭,n,1,,,,
单卡,n,1,,,,
单应,n,1,,,,
单方面,n,1,,,,
单未,d,1,,,,
单等,b,1,,,,
单系,n,1,,,,
单纯,a,1,,,,
单经,d,1,,,,
卖出,v,1,,,,
卖方,n,1,,,,
南六,t,1,,,,
博洋,n,1,,,,
博洋,ns,1,,,,
占为己有,l,1,,,,
卢远青,nr,1,,,,
卫生纸,n,1,,,,
印刷,vn,1,,,,
印鉴,nr,1,,,,
即于,c,1,,,,
即日起,l,1,,,,
即明州,ns,1,,,,
即是,c,1,,,,
卷宗,nz,1,,,,
厂,n,1,,,,
厂区,n,1,,,,
历程,n,1,,,,
压力,n,1,,,,
原则上,d,1,,,,
原有,v,1,,,,
原系,n,1,,,,
原辅材料,l,1,,,,
去伪存真,l,1,,,,
去向,v,1,,,,
参会,v,1,,,,
及所,c,1,,,,
及时性,d,1,,,,
双重,n,1,,,,
反之,c,1,,,,
反悔,v,1,,,,
发包,v,1,,,,
发向,v,1,,,,
发回,v,1,,,,
发回重审,n,1,,,,
发工资,l,1,,,,
发货,n,1,,,,
发起,v,1,,,,
发还,v,1,,,,
发邮件,n,1,,,,
取代,v,1,,,,
受到限制,l,1,,,,
受取,v,1,,,,
受托人,n,1,,,,
受损害,l,1,,,,
受让人,n,1,,,,
变,v,1,,,,
变成,v,1,,,,
变量,vn,1,,,,
口头上,l,1,,,,
口述,n,1,,,,
可于,v,1,,,,
可向,v,1,,,,
可成,v,1,,,,
可择,v,1,,,,
可行性,n,1,,,,
可行性研究,n,1,,,,
可诉,v,1,,,,
可达,v,1,,,,
台湾地区,ns,1,,,,
台站,ns,1,,,,
叶军,n,1,,,,
叶建荣,nr,1,,,,
叶贵君,nr,1,,,,
号室,n,1,,,,
号廊,n,1,,,,
号系,n,1,,,,
司法鉴定,nr,1,,,,
司长,n,1,,,,
吃,v,1,,,,
各个,r,1,,,,
各位,r,1,,,,
各半,v,1,,,,
各省,r,1,,,,
各项规定,l,1,,,,
合,v,1,,,,
合一,vn,1,,,,
合伙人,n,1,,,,
合利,a,1,,,,
合同文本,l,1,,,,
合同期,n,1,,,,
合同规定,l,1,,,,
合理合法,n,1,,,,
合营,vn,1,,,,
合资经营,n,1,,,,
合适,a,1,,,,
吉林省,ns,1,,,,
吉祥,nr,1,,,,
同为,c,1,,,,
同志,n,1,,,,
同月,t,1,,,,
同级,b,1,,,,
名列,n,1,,,,
名单,n,1,,,,
名园,n,1,,,,
名章,n,1,,,,
名除,v,1,,,,
后悠疆,nr,1,,,,
后方,f,1,,,,
后明,t,1,,,,
后明州,nr,1,,,,
后明州,ns,1,,,,
后易富,n,1,,,,
后来,t,1,,,,
后经晖,nr,1,,,,
后者,n,1,,,,
向上,d,1,,,,
向东,nr,1,,,,
向丽仁,nr,1,,,,
向奇珠,nr,1,,,,
向晖达,nr,1,,,,
向晟,nr,1,,,,
向朗易,nr,1,,,,
向桑霞,nr,1,,,,
向蒙涛,nr,1,,,,
向豫星,nr,1,,,,
向鑫,nr,1,,,,
向骏信,nr,1,,,,
吕兆信,nr,1,,,,
吕静,nr,1,,,,
吧,y,1,,,,
吨,m,1,,,,
吴,nr,1,,,,
吴宇志,nr,1,,,,
吴川,nr,1,,,,
吴美华,nr,1,,,,
呈批,v,1,,,,
呈现,v,1,,,,
员,q,1,,,,
员工福利,n,1,,,,
周剑明,nr,1,,,,
周忆,nr,1,,,,
周春梅,nr,1,,,,
周洪波,nr,1,,,,
和新七,nz,1,,,,
和杨民二初字,nz,1,,,,
和法沃,nz,1,,,,
和解,v,1,,,,
和长峰,nr,1,,,,
和鼎竺,nr,1,,,,
咨,zg,1,,,,
咱俩,r,1,,,,
品友,n,1,,,,
哪,r,1,,,,
唐,nr,1,,,,
唐福水,nr,1,,,,
售前,v,1,,,,
售房,n,1,,,,
唯,b,1,,,,
商业活动,n,1,,,,
商业行为,n,1,,,,
商业道德,n,1,,,,
商初,t,1,,,,
商品,n,1,,,,
商品房,n,1,,,,
商定,n,1,,,,
商店,n,1,,,,
商机,n,1,,,,
商标注册,n,1,,,,
商用,n,1,,,,
商议,n,1,,,,
啊,y,1,,,,
啫喱,n,1,,,,
喷雾器,nz,1,,,,
嘛,y,1,,,,
器械,n,1,,,,
四位,m,1,,,,
四元,m,1,,,,
四十一,m,1,,,,
四十八条,m,1,,,,
四千八百,m,1,,,,
四家,m,1,,,,
四度,mq,1,,,,
四组,m,1,,,,
回,v,1,,,,
回应,v,1,,,,
回扣,v,1,,,,
回款,v,1,,,,
回答,v,1,,,,
回购,v,1,,,,
回避,v,1,,,,
因卡,n,1,,,,
因向,n,1,,,,
因林,n,1,,,,
因系,n,1,,,,
园底,n,1,,,,
园融,n,1,,,,
困难,an,1,,,,
困难重重,l,1,,,,
国利,n,1,,,,
国外,s,1,,,,
国家税务局,nt,1,,,,
国家税务总局,nt,1,,,,
国心,n,1,,,,
国生,n,1,,,,
国籍,n,1,,,,
土地证,j,1,,,,
圣,n,1,,,,
在外,v,1,,,,
地法,n,1,,,,
均分,n,1,,,,
均系,n,1,,,,
坐下,v,1,,,,
垃圾袋,n,1,,,,
垫款,n,1,,,,
城建,ns,1,,,,
城镇,ns,1,,,,
培训中心,n,1,,,,
基准价,n,1,,,,
基地,n,1,,,,
基层,n,1,,,,
基拉,nrt,1,,,,
基本前提,n,1,,,,
基本工资,n,1,,,,
基本要素,n,1,,,,
增大,v,1,,,,
增进,v,1,,,,
声称,n,1,,,,
处,v,1,,,,
处为,v,1,,,,
处境,n,1,,,,
处所,v,1,,,,
备注,v,1,,,,
复印,v,1,,,,
复原,n,1,,,,
复合材料,n,1,,,,
复杂性,n,1,,,,
复核,v,1,,,,
外余,n,1,,,,
外商投资,j,1,,,,
外因,n,1,,,,
外国,ns,1,,,,
外国人,n,1,,,,
外方,f,1,,,,
外聘,v,1,,,,
多万元,m,1,,,,
多个,m,1,,,,
多付,v,1,,,,
多余,m,1,,,,
多家,m,1,,,,
多样性,l,1,,,,
多种多样,m,1,,,,
多重,m,1,,,,
多项,m,1,,,,
大众,n,1,,,,
大会决议,n,1,,,,
大体,n,1,,,,
大山,ns,1,,,,
大幅,d,1,,,,
大拇指,n,1,,,,
大榭,ns,1,,,,
大润,nz,1,,,,
大类,n,1,,,,
大道,n,1,,,,
大额,n,1,,,,
天府,n,1,,,,
天邻,n,1,,,,
太合,n,1,,,,
太和,nz,1,,,,
夫人,n,1,,,,
夫段,n,1,,,,
失信,v,1,,,,
失去,v,1,,,,
失当,v,1,,,,
失误,v,1,,,,
奎,nr,1,,,,
奎光路,nrt,1,,,,
契合,v,1,,,,
套,n,1,,,,
女婿,n,1,,,,
好不好,l,1,,,,
好处费,v,1,,,,
如实,d,1,,,,
如晋,t,1,,,,
如此,c,1,,,,
妻,ng,1,,,,
妻易,n,1,,,,
姓名,n,1,,,,
委托事项,n,1,,,,
委托方,n,1,,,,
姚强,nr,1,,,,
姻亲,n,1,,,,
威,nrt,1,,,,
娟,zg,1,,,,
婚礼,n,1,,,,
嫌然,n,1,,,,
字件,n,1,,,,
字条,n,1,,,,
字迹,n,1,,,,
字面上,n,1,,,,
存根,n,1,,,,
存档,v,1,,,,
存货,n,1,,,,
孙宏禹,nr,1,,,,
孙峰,nr,1,,,,
季匡文,nr,1,,,,
季步农,n,1,,,,
孤,a,1,,,,
学习,v,1,,,,
学费,n,1,,,,
宁特,nr,1,,,,
宁特,ns,1,,,,
守信,v,1,,,,
安全,an,1,,,,
宋立荣,nr,1,,,,
完善,v,1,,,,
完工,v,1,,,,
完整性,n,1,,,,
官方,n,1,,,,
定义,n,1,,,,
定做,v,1,,,,
定因,n,1,,,,
定案,n,1,,,,
定金,n,1,,,,
宜,ns,1,,,,
实,a,1,,,,
实,n,1,,,,
实为,v,1,,,,
实力,n,1,,,,
实务,n,1,,,,
实在,v,1,,,,
实地,n,1,,,,
实施方案,n,1,,,,
实际意义,n,1,,,,
实际操作,n,1,,,,
实际收入,n,1,,,,
审判权,n,1,,,,
审判程序,n,1,,,,
审批权,n,1,,,,
审限,v,1,,,,
客户资源,n,1,,,,
客观情况,n,1,,,,
宣传册,nr,1,,,,
室外,s,1,,,,
宪法,n,1,,,,
家属,n,1,,,,
家族,nz,1,,,,
家纺,j,1,,,,
宽带,n,1,,,,
密函,n,1,,,,
富江,ns,1,,,,
察觉,v,1,,,,
对付,vn,1,,,,
对公,n,1,,,,
对华,nz,1,,,,
对案,n,1,,,,
对称,v,1,,,,
对系,n,1,,,,
对赛,vn,1,,,,
寻找,v,1,,,,
寻求,v,1,,,,
小于,v,1,,,,
小型,b,1,,,,
小宝,nr,1,,,,
小微,nr,1,,,,
小杰,nr,1,,,,
小气泡,n,1,,,,
小波姐,nr,1,,,,
小牛,n,1,,,,
小羽汗,nr,1,,,,
小额,n,1,,,,
少儿,m,1,,,,
尔后,c,1,,,,
尚无,v,1,,,,
尚有微,nr,1,,,,
尚诚,nr,1,,,,
尚达,nr,1,,,,
尤,d,1,,,,
就业,v,1,,,,
就时,d,1,,,,
就要,d,1,,,,
就该,v,1,,,,
尽职,v,1,,,,
尾页,n,1,,,,
居住,v,1,,,,
履行义务,n,1,,,,
山,ns,1,,,,
岗位职责,n,1,,,,
岱岳区,ns,1,,,,
峰,n,1,,,,
崇,v,1,,,,
川师大,nr,1,,,,
工业区,n,1,,,,
工作证,n,1,,,,
工程设计,n,1,,,,
工程项目,n,1,,,,
工资标准,n,1,,,,
巨额,b,1,,,,
差别,d,1,,,,
己方,n,1,,,,
巴蜀,nr,1,,,,
市,n,1,,,,
市区,n,1,,,,
市场竞争,l,1,,,,
师,ng,1,,,,
师斌,nr,1,,,,
师范大学,n,1,,,,
希望,v,1,,,,
带有,v,1,,,,
带来,v,1,,,,
带领,v,1,,,,
常,d,1,,,,
常州市,ns,1,,,,
常见,a,1,,,,
干什么,l,1,,,,
平原,ns,1,,,,
平均收入,n,1,,,,
平湖市,ns,1,,,,
平等,a,1,,,,
平账,n,1,,,,
平面设计,i,1,,,,
年会,n,1,,,,
年俪,n,1,,,,
年初,t,1,,,,
年季,t,1,,,,
年息,n,1,,,,
年收入,n,1,,,,
年时,t,1,,,,
年租金,n,1,,,,
并为,c,1,,,,
并任,v,1,,,,
并无,v,1,,,,
并称,v,1,,,,
幸,a,1,,,,
广汇,ns,1,,,,
广泛,a,1,,,,
广苑,ns,1,,,,
广西壮族自治区,ns,1,,,,
床上用品,n,1,,,,
序号,n,1,,,,
库存现金,n,1,,,,
应交,v,1,,,,
应尽,v,1,,,,
应归艺,nr,1,,,,
应得,v,1,,,,
应急,vn,1,,,,
应持,v,1,,,,
应收款,n,1,,,,
应某,nr,1,,,,
应税,v,1,,,,
底,n,1,,,,
庞一华,nr,1,,,,
度,m,1,,,,
座谈会,n,1,,,,
庭,ng,1,,,,
康,n,1,,,,
康德,nr,1,,,,
康桂芬,nr,1,,,,
延伸,v,1,,,,
延宕,v,1,,,,
建商,n,1,,,,
建文,nz,1,,,,
建材装饰,n,1,,,,
建筑工程,n,1,,,,
建筑物,n,1,,,,
建筑面积,n,1,,,,
建设银行,nt,1,,,,
建邺区,nr,1,,,,
开与,v,1,,,,
开元,nz,1,,,,
开发人员,n,1,,,,
开国,ns,1,,,,
开开,v,1,,,,
开户行,n,1,,,,
开户银行,n,1,,,,
弃,vg,1,,,,
式,k,1,,,,
式样,n,1,,,,
张丽娟,nrfg,1,,,,
张俊会,nr,1,,,,
张友明,nr,1,,,,
张平,nr,1,,,,
张彤,nrfg,1,,,,
张戟,nr,1,,,,
张月萍,nr,1,,,,
张盛玉,nr,1,,,,
张聿超,nrfg,1,,,,
张衍国,nr,1,,,,
张雷亦,nr,1,,,,
张雷曾,nr,1,,,,
强,v,1,,,,
强德,n,1,,,,
强泛,a,1,,,,
强调,v,1,,,,
归华清,nr,1,,,,
归宽塔,nr,1,,,,
归德远,nr,1,,,,
归悠,v,1,,,,
归浩迈,nr,1,,,,
归环,vn,1,,,,
归环康,nr,1,,,,
归纳,v,1,,,,
归纳如下,i,1,,,,
归苏博,nr,1,,,,
归谢芳,nr,1,,,,
当中,s,1,,,,
当天,t,1,,,,
当年,t,1,,,,
当年度,t,1,,,,
当选,v,1,,,,
形,n,1,,,,
彤系,n,1,,,,
彬德,ns,1,,,,
影视剧,n,1,,,,
影视文化,n,1,,,,
彼此,r,1,,,,
征收,v,1,,,,
很大,a,1,,,,
很快,d,1,,,,
律师函,n,1,,,,
得以,v,1,,,,
得出结论,i,1,,,,
得利,v,1,,,,
得当,v,1,,,,
得新,v,1,,,,
微,n,1,,,,
德力西,nr,1,,,,
德州市,ns,1,,,,
德欧,ns,1,,,,
德远某,nr,1,,,,
心理,n,1,,,,
心系,n,1,,,,
必然联系,l,1,,,,
必要条件,l,1,,,,
志军,n,1,,,,
忠于,v,1,,,,
快递,v,1,,,,
忽略,d,1,,,,
怀疑,v,1,,,,
怕,v,1,,,,
思路,n,1,,,,
急事,n,1,,,,
急办,v,1,,,,
性卡,n,1,,,,
性行为,n,1,,,,
总,n,1,,,,
总和,n,1,,,,
总好,d,1,,,,
总实,n,1,,,,
总是,c,1,,,,
总额近,n,1,,,,
恒宇,nz,1,,,,
恪尽职守,l,1,,,,
恰恰,d,1,,,,
恳请,v,1,,,,
恺,g,1,,,,
悖,vg,1,,,,
悬挂,v,1,,,,
情绪,n,1,,,,
情节,n,1,,,,
惯例,n,1,,,,
想,v,1,,,,
意向书,n,1,,,,
意味着,v,1,,,,
意图,n,1,,,,
意见书,n,1,,,,
感兴趣我,i,1,,,,
愿受,v,1,,,,
慈,nrt,1,,,,
慎用,v,1,,,,
戎,nr,1,,,,
成,n,1,,,,
成功,a,1,,,,
成套设备,n,1,,,,
成就,n,1,,,,
成本费用,n,1,,,,
成果,n,1,,,,
成该,v,1,,,,
成都地区,ns,1,,,,
我司,n,1,,,,
我市,r,1,,,,
或为,c,1,,,,
或经,d,1,,,,
或者说,c,1,,,,
截取,v,1,,,,
截留,v,1,,,,
户,q,1,,,,
户籍,n,1,,,,
房产证,j,1,,,,
房租,n,1,,,,
所作所为,i,1,,,,
所在,b,1,,,,
所处,n,1,,,,
所得税法,n,1,,,,
所持,v,1,,,,
所标,n,1,,,,
所用,b,1,,,,
所称,v,1,,,,
所系,n,1,,,,
所致,c,1,,,,
所负,v,1,,,,
所载,b,1,,,,
所附,v,1,,,,
所需,n,1,,,,
手册,n,1,,,,
手写,n,1,,,,
打分,v,1,,,,
打给,v,1,,,,
扣减,v,1,,,,
扣留,v,1,,,,
扣缴,v,1,,,,
扩大,v,1,,,,
扫黑,v,1,,,,
批准逮捕,vn,1,,,,
找到,v,1,,,,
承包方,n,1,,,,
承发包,n,1,,,,
承当,v,1,,,,
承揽,v,1,,,,
承责,v,1,,,,
抄送,v,1,,,,
投,vn,1,,,,
投票,n,1,,,,
投费,vn,1,,,,
投资总额,n,1,,,,
投资规模,n,1,,,,
折中,v,1,,,,
抢占,v,1,,,,
报,n,1,,,,
报以,v,1,,,,
报告书,n,1,,,,
报批,v,1,,,,
报案,n,1,,,,
报系,n,1,,,,
报表,n,1,,,,
报请,v,1,,,,
抬头,v,1,,,,
抵,v,1,,,,
担保法,n,1,,,,
担保费,n,1,,,,
担责,v,1,,,,
拉走,v,1,,,,
拒,vg,1,,,,
拖延,v,1,,,,
拖欠,v,1,,,,
拘留,v,1,,,,
招商,n,1,,,,
招投标,j,1,,,,
招股,v,1,,,,
拜金,n,1,,,,
拟定,v,1,,,,
持有人,n,1,,,,
持有异议,n,1,,,,
持续性,n,1,,,,
持股数,n,1,,,,
挂名,v,1,,,,
挂靠,v,1,,,,
指与,v,1,,,,
指卡,n,1,,,,
指挥部,n,1,,,,
指本,n,1,,,,
指派,n,1,,,,
按摩,v,1,,,,
按时,d,1,,,,
损益表,n,1,,,,
损耗,n,1,,,,
换,nz,1,,,,
据为,v,1,,,,
据为己有,i,1,,,,
据实,d,1,,,,
据说,v,1,,,,
授意,v,1,,,,
授权书,n,1,,,,
授权代表,nz,1,,,,
掌控,j,1,,,,
排斥,v,1,,,,
接到,v,1,,,,
控,v,1,,,,
控告,v,1,,,,
推举,v,1,,,,
推卸责任,n,1,,,,
推广应用,i,1,,,,
推算,v,1,,,,
推论,v,1,,,,
推诿,v,1,,,,
提供线索,n,1,,,,
提审,v,1,,,,
提炼,v,1,,,,
提示,v,1,,,,
提议,v,1,,,,
提过,v,1,,,,
提醒,v,1,,,,
插手,v,1,,,,
援引,vn,1,,,,
搬离,v,1,,,,
摇号,n,1,,,,
摘要,v,1,,,,
攀雀,ns,1,,,,
支出费用,n,1,,,,
支撑,v,1,,,,
支款,n,1,,,,
支票,n,1,,,,
支队,n,1,,,,
收,v,1,,,,
收付,v,1,,,,
收回,v,1,,,,
收寄,v,1,,,,
收款人,n,1,,,,
收益金,n,1,,,,
收盘价,n,1,,,,
收货,n,1,,,,
收货人,n,1,,,,
收银,n,1,,,,
收集,v,1,,,,
改造费,n,1,,,,
放假,v,1,,,,
放在,v,1,,,,
政策,n,1,,,,
故中砥,i,1,,,,
故二,nz,1,,,,
故亭,n,1,,,,
故以,c,1,,,,
故俪,n,1,,,,
故卡,n,1,,,,
故在,d,1,,,,
故朵,n,1,,,,
故润蕾,n,1,,,,
故现,v,1,,,,
效率,n,1,,,,
教授,n,1,,,,
数,m,1,,,,
数个,m,1,,,,
数份,n,1,,,,
数十,m,1,,,,
数据处理,n,1,,,,
数控,j,1,,,,
数罪并罚,n,1,,,,
整,n,1,,,,
文义,n,1,,,,
文件夹,n,1,,,,
文汇,n,1,,,,
文系眭蓓蓓,nr,1,,,,
斯达威,nr,1,,,,
新世界,nz,1,,,,
新任,n,1,,,,
新法,n,1,,,,
新港,ns,1,,,,
新疆生产建设兵团,nt,1,,,,
新能源,n,1,,,,
新闻宣传,nz,1,,,,
新鼎,nz,1,,,,
方便,a,1,,,,
方将,n,1,,,,
方派,n,1,,,,
施工,vn,1,,,,
无所谓,l,1,,,,
无新,d,1,,,,
无法说明,l,1,,,,
无涉,v,1,,,,
无误,v,1,,,,
无须,d,1,,,,
既为,c,1,,,,
既是,c,1,,,,
既有,c,1,,,,
日东,ns,1,,,,
日康,ns,1,,,,
日明州,ns,1,,,,
日普,ns,1,,,,
日津陵,ns,1,,,,
日照市,ns,1,,,,
日秦,t,1,,,,
日行,j,1,,,,
日记账,n,1,,,,
日金,n,1,,,,
日间,t,1,,,,
旧法,n,1,,,,
早不,d,1,,,,
早在,t,1,,,,
早就,d,1,,,,
时俪,n,1,,,,
时候,n,1,,,,
时叶军,n,1,,,,
时启维,nr,1,,,,
时应,n,1,,,,
时期,n,1,,,,
时洪谦,nr,1,,,,
时限,n,1,,,,
昆山,ns,1,,,,
明天,t,1,,,,
明康,a,1,,,,
明明,t,1,,,,
明显降低,n,1,,,,
明泛,a,1,,,,
明确提出,n,1,,,,
明示,v,1,,,,
易,a,1,,,,
星,n,1,,,,
春天,t,1,,,,
春秋,t,1,,,,
春秋时代,t,1,,,,
春霞,nr,1,,,,
昨天,t,1,,,,
是朗易,l,1,,,,
是眭蓓蓓与,nr,1,,,,
显,v,1,,,,
显著,a,1,,,,
晋,v,1,,,,
晓洁,nr,1,,,,
晚,tg,1,,,,
普惠,vn,1,,,,
普通员工,nt,1,,,,
智,j,1,,,,
暂不,d,1,,,,
暂停,d,1,,,,
暂时,d,1,,,,
暂行规定,b,1,,,,
暗示,v,1,,,,
暨,nt,1,,,,
更名,v,1,,,,
更有甚者,c,1,,,,
更正,d,1,,,,
曾为,d,1,,,,
替,p,1,,,,
替代,n,1,,,,
最佳,z,1,,,,
最新,d,1,,,,
月前,t,1,,,,
月租金,n,1,,,,
月经,n,1,,,,
月金,n,1,,,,
有事,r,1,,,,
有何,r,1,,,,
有余,r,1,,,,
有力,n,1,,,,
有序,n,1,,,,
有所增加,i,1,,,,
有损,vn,1,,,,
有据,n,1,,,,
有据可查,l,1,,,,
有效性,n,1,,,,
有理,vn,1,,,,
有违,v,1,,,,
有鉴于此,l,1,,,,
有限,a,1,,,,
服,v,1,,,,
服从,v,1,,,,
服判,vn,1,,,,
服务商,n,1,,,,
服务行业,n,1,,,,
期,n,1,,,,
期,q,1,,,,
期初余额,n,1,,,,
期末余额,n,1,,,,
未尽事宜,i,1,,,,
未必,d,1,,,,
未果,n,1,,,,
未登记,i,1,,,,
未说明,v,1,,,,
本,n,1,,,,
本地,r,1,,,,
本意,d,1,,,,
本院认为,n,1,,,,
本项,r,1,,,,
朱国惠,nr,1,,,,
朱艳芳,nr,1,,,,
机,n,1,,,,
机,ng,1,,,,
机制,n,1,,,,
机动车,n,1,,,,
机器,n,1,,,,
机器设备,n,1,,,,
机电产品,n,1,,,,
机读,n,1,,,,
机车,n,1,,,,
杂志,n,1,,,,
权主,n,1,,,,
权之,nr,1,,,,
权之争,nr,1,,,,
权二,nr,1,,,,
权于法,nr,1,,,,
权亦,nr,1,,,,
权向马,nr,1,,,,
权应,n,1,,,,
权思,nr,1,,,,
权新七,nr,1,,,,
权是,n,1,,,,
权李,nr,1,,,,
权衡,nr,1,,,,
权责,n,1,,,,
权需,n,1,,,,
李京,nr,1,,,,
李佳怡,nr,1,,,,
李光园,nr,1,,,,
李娜,nr,1,,,,
李子,nr,1,,,,
李方庆,nr,1,,,,
李旺,nr,1,,,,
李星,nr,1,,,,
李洪健,nr,1,,,,
李胜军,nr,1,,,,
李鑫之母,nr,1,,,,
李鑫微,nr,1,,,,
李隽,nr,1,,,,
条例,n,1,,,,
条所,n,1,,,,
来函,n,1,,,,
来聊天,i,1,,,,
来自,v,1,,,,
来说,u,1,,,,
杨丽,nr,1,,,,
杨于,nr,1,,,,
杨志勇,nr,1,,,,
杨景成,nr,1,,,,
杨浦区,nr,1,,,,
杨玉平,nr,1,,,,
杨罗生,nr,1,,,,
松民二,nz,1,,,,
松民二初字,nz,1,,,,
松石,nr,1,,,,
板块,n,1,,,,
构成犯罪,l,1,,,,
架构图,n,1,,,,
柏林,nr,1,,,,
某个,r,1,,,,
某些,r,1,,,,
某国,r,1,,,,
某项,r,1,,,,
查没,v,1,,,,
查看,v,1,,,,
查证,v,1,,,,
查话,v,1,,,,
查阅,v,1,,,,
查验,v,1,,,,
柯克,nr,1,,,,
柯渡,nr,1,,,,
柳洋,ns,1,,,,
柴国,ns,1,,,,
柴国发,nr,1,,,,
标,v,1,,,,
标书,n,1,,,,
标注,v,1,,,,
标识,n,1,,,,
树,v,1,,,,
树家,n,1,,,,
校园,n,1,,,,
核减,v,1,,,,
核实验,n,1,,,,
核销,n,1,,,,
根,p,1,,,,
根本原因,n,1,,,,
根本无法,i,1,,,,
格因,n,1,,,,
格奇,nr,1,,,,
桂真,nr,1,,,,
桂绍立,nr,1,,,,
案庭审,n,1,,,,
案情,n,1,,,,
梁安曾,nr,1,,,,
梁庆,nr,1,,,,
梁氏,nr,1,,,,
梅州,ns,1,,,,
梦想,n,1,,,,
检,vn,1,,,,
楼盘,n,1,,,,
概括,v,1,,,,
樵,n,1,,,,
欠本,n,1,,,,
欠款,n,1,,,,
欠缴,v,1,,,,
欠缺,v,1,,,,
次在,t,1,,,,
次案,n,1,,,,
欣导,v,1,,,,
歇业,n,1,,,,
止,zg,1,,,,
止损,v,1,,,,
正副,b,1,,,,
正如,v,1,,,,
正式版,v,1,,,,
正当程序,l,1,,,,
正是,d,1,,,,
正确处理,n,1,,,,
正职,v,1,,,,
正街,n,1,,,,
此一,r,1,,,,
此人,r,1,,,,
此他,r,1,,,,
此基础,l,1,,,,
此案,r,1,,,,
此法,r,1,,,,
步农,n,1,,,,
歪曲事实,i,1,,,,
死亡,v,1,,,,
残,n,1,,,,
母子公司,n,1,,,,
每半年,l,1,,,,
毕,v,1,,,,
民事行为,n,1,,,,
民商,n,1,,,,
民四,n,1,,,,
民心,n,1,,,,
民意测验,n,1,,,,
民意调查,l,1,,,,
民法通则,n,1,,,,
民诉法,n,1,,,,
气动,n,1,,,,
水平,n,1,,,,
水电,n,1,,,,
永不,d,1,,,,
永康,ns,1,,,,
永恩力,nr,1,,,,
永明,nz,1,,,,
永静,z,1,,,,
汇,n,1,,,,
汇,v,1,,,,
汇亚,nz,1,,,,
汇划,n,1,,,,
汇报,nz,1,,,,
汇款单,n,1,,,,
汇荣,v,1,,,,
汇诚,nz,1,,,,
汇馆,n,1,,,,
汉津,ns,1,,,,
江南,ns,1,,,,
江西省,ns,1,,,,
汤育明,nr,1,,,,
沃,nr,1,,,,
沈某,nr,1,,,,
沙坪坝区,ns,1,,,,
没,v,1,,,,
没签,v,1,,,,
没能,v,1,,,,
沧州市,ns,1,,,,
油,n,1,,,,
沿,p,1,,,,
沿江,f,1,,,,
泉,n,1,,,,
法人地位,n,1,,,,
法制,n,1,,,,
法案,n,1,,,,
法益,n,1,,,,
泛洋,ns,1,,,,
波动,vn,1,,,,
泰安市,ns,1,,,,
泵,zg,1,,,,
洋,n,1,,,,
洗尘,n,1,,,,
津,j,1,,,,
津贴,n,1,,,,
洪谦为,nr,1,,,,
派出机构,n,1,,,,
济南市,ns,1,,,,
济宁市,ns,1,,,,
济民三初字,nz,1,,,,
浦民二,nt,1,,,,
海丽仁,nr,1,,,,
海华,nz,1,,,,
海格,n,1,,,,
海润,n,1,,,,
涂料,n,1,,,,
消毒,vn,1,,,,
消毒水,n,1,,,,
消耗,n,1,,,,
消除,v,1,,,,
涉台,v,1,,,,
液,ng,1,,,,
淘宝,nz,1,,,,
淮石,ns,1,,,,
深,a,1,,,,
清案,n,1,,,,
清理,a,1,,,,
清盘,n,1,,,,
渊源,n,1,,,,
渝中区,nt,1,,,,
港,n,1,,,,
港北区,ns,1,,,,
港航,j,1,,,,
湖南省,ns,1,,,,
湘,j,1,,,,
溢价,n,1,,,,
溢出,v,1,,,,
滨均系,n,1,,,,
滨江区,ns,1,,,,
滨泰威,ns,1,,,,
滨海新区,ns,1,,,,
潘晓梅,nr,1,,,,
潜在,t,1,,,,
火腿,n,1,,,,
火车票,n,1,,,,
灭失,v,1,,,,
炉灶,n,1,,,,
炫,vg,1,,,,
点,q,1,,,,
熔炼,v,1,,,,
熟悉,v,1,,,,
爱彼思,i,1,,,,
版本,n,1,,,,
牛,nr,1,,,,
牟利,nr,1,,,,
物,n,1,,,,
物,ng,1,,,,
物,zg,1,,,,
物权,n,1,,,,
物权法,n,1,,,,
物资,n,1,,,,
物资公司,n,1,,,,
牵强附会,nz,1,,,,
牵连,v,1,,,,
特定条件,n,1,,,,
特点,n,1,,,,
特许,d,1,,,,
独包,v,1,,,,
独立性,n,1,,,,
独立核算,l,1,,,,
独立自主,i,1,,,,
独自,d,1,,,,
猜测,vn,1,,,,
玉花,n,1,,,,
王予宾,nr,1,,,,
王凌裕,nr,1,,,,
王士,nr,1,,,,
王晓东,nr,1,,,,
王祥,nr,1,,,,
王阳发,nr,1,,,,
王韧磊,nr,1,,,,
玛,nr,1,,,,
环,v,1,,,,
环翠区,n,1,,,,
环节,n,1,,,,
现乐,t,1,,,,
现今,t,1,,,,
现实意义,n,1,,,,
现并,v,1,,,,
现德,t,1,,,,
现案,n,1,,,,
现经,d,1,,,,
现金支付,n,1,,,,
现金流量,n,1,,,,
理涉,v,1,,,,
理论,n,1,,,,
琳,nrt,1,,,,
瑞慈,nr,1,,,,
生命权,n,1,,,,
生源,n,1,,,,
用人单位,n,1,,,,
用印,v,1,,,,
用字,n,1,,,,
用工,n,1,,,,
用款,n,1,,,,
用费,n,1,,,,
用车,n,1,,,,
由,c,1,,,,
由以,c,1,,,,
由即,d,1,,,,
由及,c,1,,,,
由始至终,l,1,,,,
由山宇,nr,1,,,,
由志凯,nr,1,,,,
由悠疆,nr,1,,,,
由未,d,1,,,,
由此可证,i,1,,,,
由钟剑,nr,1,,,,
申字,nz,1,,,,
申诉,v,1,,,,
申请事项,nz,1,,,,
申购,v,1,,,,
电子设备,n,1,,,,
电影学院,n,1,,,,
电梯,n,1,,,,
电汇,n,1,,,,
电线,n,1,,,,
电线电缆,n,1,,,,
电视,n,1,,,,
电话号码,n,1,,,,
电话费,n,1,,,,
电邮,vn,1,,,,
留档,v,1,,,,
留给,v,1,,,,
登记在册,l,1,,,,
登记手续,l,1,,,,
百,m,1,,,,
百分之百,m,1,,,,
百福,nz,1,,,,
皇朝,n,1,,,,
皓达,nz,1,,,,
盈亏,n,1,,,,
盖然性,n,1,,,,
盛邦,nr,1,,,,
盛骏,nr,1,,,,
目故,n,1,,,,
目次,t,1,,,,
直属,n,1,,,,
相互竞争,l,1,,,,
相似,v,1,,,,
相冲突,nr,1,,,,
相同之处,l,1,,,,
相差,v,1,,,,
相竞,v,1,,,,
相符,v,1,,,,
相邻,v,1,,,,
省,n,1,,,,
看以,v,1,,,,
看温,v,1,,,,
看看,v,1,,,,
看除,v,1,,,,
真正,d,1,,,,
眭蓓蓓在,nr,1,,,,
眭蓓蓓应,nr,1,,,,
睡觉,v,1,,,,
知会,v,1,,,,
知情权,n,1,,,,
知该,v,1,,,,
短期内,n,1,,,,
石,n,1,,,,
石,ng,1,,,,
石坪桥,nr,1,,,,
矿业集团,n,1,,,,
研究,vn,1,,,,
确与,v,1,,,,
确为,v,1,,,,
确切,ad,1,,,,
确系,v,1,,,,
碰实,v,1,,,,
磋商,vn,1,,,,
社会公众,n,1,,,,
社会公德,n,1,,,,
祥和,nrfg,1,,,,
票面,n,1,,,,
票面额,n,1,,,,
祺,g,1,,,,
福园,ns,1,,,,
福州市,ns,1,,,,
福建,ns,1,,,,
福建省,ns,1,,,,
福法民,nr,1,,,,
福清,nr,1,,,,
私人,n,1,,,,
私利,a,1,,,,
科传外,nr,1,,,,
科传间,n,1,,,,
科传高,nr,1,,,,
科园,n,1,,,,
科技领域,n,1,,,,
科目,n,1,,,,
租给,v,1,,,,
秩序,n,1,,,,
积极,ad,1,,,,
称为,v,1,,,,
称于,v,1,,,,
称俪,n,1,,,,
称呼,v,1,,,,
称系,v,1,,,,
称除,v,1,,,,
税前,t,1,,,,
税务局,nt,1,,,,
税务师,n,1,,,,
税差,n,1,,,,
税帐,n,1,,,,
税率,n,1,,,,
税票,n,1,,,,
稳定剂,n,1,,,,
究竟,d,1,,,,
空气压缩机,n,1,,,,
空置,n,1,,,,
空饷,n,1,,,,
窃取,v,1,,,,
窗口,s,1,,,,
窦,nr,1,,,,
立式,b,1,,,,
站,v,1,,,,
竞业,v,1,,,,
竟然,d,1,,,,
章法,n,1,,,,
竣工,v,1,,,,
童培雅,nr,1,,,,
竹溪,nz,1,,,,
笔,n,1,,,,
笔数,n,1,,,,
笔误,n,1,,,,
笔迹,n,1,,,,
第之,m,1,,,,
第十二,m,1,,,,
等为,v,1,,,,
等行,v,1,,,,
等该,v,1,,,,
等额,n,1,,,,
筹划,n,1,,,,
筹备工作,n,1,,,,
签上,v,1,,,,
签发,v,1,,,,
签明,v,1,,,,
签证,v,1,,,,
简历,v,1,,,,
算,v,1,,,,
算现,v,1,,,,
管,vn,1,,,,
管应,vn,1,,,,
管明州,nr,1,,,,
管理中心,n,1,,,,
管理局,n,1,,,,
管理层,n,1,,,,
管理文件,n,1,,,,
管理方,n,1,,,,
管理费用,n,1,,,,
管理软件,n,1,,,,
管邦,n,1,,,,
簿,ng,1,,,,
类别,n,1,,,,
粗略,n,1,,,,
精准,n,1,,,,
精密,a,1,,,,
精益,n,1,,,,
精英,n,1,,,,
系件,n,1,,,,
系余,l,1,,,,
系俪,n,1,,,,
系卡,n,1,,,,
系应,n,1,,,,
系派,n,1,,,,
系熙,n,1,,,,
系由,n,1,,,,
系盛,nz,1,,,,
系经,n,1,,,,
系统集成,n,1,,,,
系赛,n,1,,,,
索要,d,1,,,,
累,a,1,,,,
繁友,n,1,,,,
红兰,nr,1,,,,
红兰,nz,1,,,,
红外,nr,1,,,,
红系,n,1,,,,
纪要,v,1,,,,
纳,nr,1,,,,
纸业,n,1,,,,
线下,n,1,,,,
线索,n,1,,,,
组,zg,1,,,,
组长,v,1,,,,
细故,n,1,,,,
细看,v,1,,,,
细细,a,1,,,,
细节,n,1,,,,
终端设备,nr,1,,,,
经受,v,1,,,,
经有,v,1,,,,
经查明,n,1,,,,
经济合同,n,1,,,,
经济往来,l,1,,,,
经济社会,n,1,,,,
经济纠纷,z,1,,,,
经由,p,1,,,,
经营不善,v,1,,,,
经营企业法,n,1,,,,
经营风险,n,1,,,,
经贸,n,1,,,,
结合实际,l,1,,,,
结婚,v,1,,,,
结果显示,n,1,,,,
结清,v,1,,,,
给悠,v,1,,,,
绝大部分,m,1,,,,
统一安排,nt,1,,,,
统筹,v,1,,,,
统计数据,n,1,,,,
继受,v,1,,,,
继承人,n,1,,,,
绩效,b,1,,,,
续延,nr,1,,,,
续签,v,1,,,,
续约,n,1,,,,
维修保养,nr,1,,,,
维权,n,1,,,,
综合楼,n,1,,,,
编码,n,1,,,,
缴款,v,1,,,,
缴款单,n,1,,,,
缴费,v,1,,,,
缺席判决,n,1,,,,
罐头,n,1,,,,
网页,n,1,,,,
罕见,a,1,,,,
罚金,n,1,,,,
罢,v,1,,,,
罪,n,1,,,,
罪虚,i,1,,,,
置放,v,1,,,,
美术设计,n,1,,,,
群,q,1,,,,
群微信,n,1,,,,
翁某,nr,1,,,,
老婆,n,1,,,,
老板,n,1,,,,
考核,vn,1,,,,
考绩,n,1,,,,
而仅,c,1,,,,
而以,c,1,,,,
而后,c,1,,,,
而周,t,1,,,,
而论,c,1,,,,
耗费,v,1,,,,
聊,v,1,,,,
职业,n,1,,,,
职升安,n,1,,,,
职思,n,1,,,,
联,v,1,,,,
联系人,n,1,,,,
联系方式,l,1,,,,
联线,n,1,,,,
聚保,v,1,,,,
肆,m,1,,,,
股对价,n,1,,,,
股系,n,1,,,,
背信,v,1,,,,
背后,f,1,,,,
胚胎,n,1,,,,
胡同,nr,1,,,,
胡登兰,nr,1,,,,
胡舟恩,nr,1,,,,
胶力尔,nz,1,,,,
腾,v,1,,,,
腾讯,nz,1,,,,
腾越,v,1,,,,
自主经营,n,1,,,,
自二,r,1,,,,
自有,v,1,,,,
自本,a,1,,,,
自称,v,1,,,,
自觉,d,1,,,,
自负盈亏,l,1,,,,
至少,d,1,,,,
致使,v,1,,,,
致函,v,1,,,,
臻,nr,1,,,,
臻,vg,1,,,,
舒麦,nr,1,,,,
航空,n,1,,,,
船票,n,1,,,,
艳,a,1,,,,
艾,nr,1,,,,
节,t,1,,,,
节能产品,n,1,,,,
花园,n,1,,,,
苏慧,nr,1,,,,
若一亚,nr,1,,,,
若中瑞,nr,1,,,,
若需,n,1,,,,
荷兰,ns,1,,,,
莫城,ns,1,,,,
莱,q,1,,,,
获知,v,1,,,,
获选,v,1,,,,
萌,v,1,,,,
营业额,n,1,,,,
营销,vn,1,,,,
萧山,nr,1,,,,
落地,n,1,,,,
著作权,n,1,,,,
著作权人,n,1,,,,
董监高,nr,1,,,,
董若舟,nr,1,,,,
董高监,nr,1,,,,
蒋,nr,1,,,,
蒋章铭,nr,1,,,,
蔡氏,nr,1,,,,
藏经,nz,1,,,,
虚,d,1,,,,
虚开,v,1,,,,
虚报,n,1,,,,
虚构,n,1,,,,
虞山镇,nr,1,,,,
虽仅,c,1,,,,
虽有,c,1,,,,
虽非,c,1,,,,
蚂数,n,1,,,,
融券,n,1,,,,
行为能力,n,1,,,,
行为表现,i,1,,,,
行使权力,n,1,,,,
行动,vn,1,,,,
行权,n,1,,,,
行监字,n,1,,,,
街号,n,1,,,,
衡平,ns,1,,,,
补,v,1,,,,
补上,v,1,,,,
补强,v,1,,,,
补缴,v,1,,,,
表所,v,1,,,,
表用,v,1,,,,
表皮,n,1,,,,
表系,v,1,,,,
表达,v,1,,,,
袆,zg,1,,,,
被丽,a,1,,,,
被害,v,1,,,,
被执行人,n,1,,,,
被选为,n,1,,,,
裁断,v,1,,,,
裁量,n,1,,,,
西,f,1,,,,
西北,ns,1,,,,
西宁,ns,1,,,,
西宁市,ns,1,,,,
西湖,ns,1,,,,
西路,ns,1,,,,
西雅特,ns,1,,,,
见见面,i,1,,,,
规律,n,1,,,,
视为一体,i,1,,,,
视康,n,1,,,,
觉得,v,1,,,,
角度看,v,1,,,,
角色,n,1,,,,
解,v,1,,,,
解决办法,n,1,,,,
解决目前,i,1,,,,
解决问题,n,1,,,,
解太,nz,1,,,,
解石,nr,1,,,,
言,vg,1,,,,
警务,n,1,,,,
计划表,n,1,,,,
计息,n,1,,,,
计算成本,n,1,,,,
计算机系统,n,1,,,,
订有,v,1,,,,
订购,v,1,,,,
认,v,1,,,,
认知,v,1,,,,
认购,v,1,,,,
训练,vn,1,,,,
议事,n,1,,,,
议案,n,1,,,,
议题,n,1,,,,
记,n,1,,,,
记事本,n,1,,,,
记入,v,1,,,,
记账单,n,1,,,,
记述,v,1,,,,
讲究,vn,1,,,,
许,m,1,,,,
讼,vg,1,,,,
设施,n,1,,,,
设立登记,n,1,,,,
设账,v,1,,,,
证俪,n,1,,,,
证券法,n,1,,,,
证字,n,1,,,,
证监会,j,1,,,,
评估费,n,1,,,,
识,v,1,,,,
诉前,v,1,,,,
诉法,vn,1,,,,
诉现,v,1,,,,
诉累,v,1,,,,
诉至,v,1,,,,
诉讼案,n,1,,,,
诊疗,v,1,,,,
诓骗,v,1,,,,
试想,v,1,,,,
诚实,a,1,,,,
诚然,d,1,,,,
话,n,1,,,,
话费,n,1,,,,
该函,v,1,,,,
该卡,r,1,,,,
该家,r,1,,,,
该次,r,1,,,,
该种,r,1,,,,
详细分析,n,1,,,,
详见,a,1,,,,
误写,v,1,,,,
说来,v,1,,,,
说理,v,1,,,,
请款,v,1,,,,
诸,r,1,,,,
诸多,m,1,,,,
诺浦菲,nz,1,,,,
调动,vn,1,,,,
调处,v,1,,,,
调查结果,n,1,,,,
调档,v,1,,,,
调研,vn,1,,,,
调至,v,1,,,,
谈,vn,1,,,,
谈判,vn,1,,,,
谋利,n,1,,,,
谋取私利,i,1,,,,
谋求,v,1,,,,
谢,nr,1,,,,
谢,v,1,,,,
谢宏,nr,1,,,,
谢芳信,nr,1,,,,
谨慎,a,1,,,,
谭仁堂,nr,1,,,,
谷丽娜,nr,1,,,,
贝叶,nr,1,,,,
负,v,1,,,,
负数,n,1,,,,
负责管理,n,1,,,,
贡献,n,1,,,,
财产性,n,1,,,,
财产权,n,1,,,,
财产纠纷,z,1,,,,
财务咨询,nt,1,,,,
财务收支,n,1,,,,
财富,n,1,,,,
财报,n,1,,,,
财政厅,nt,1,,,,
财政部门,n,1,,,,
财物,n,1,,,,
责任人,n,1,,,,
账务,n,1,,,,
账外,n,1,,,,
账户就,n,1,,,,
货,n,1,,,,
货物运输,l,1,,,,
质保,j,1,,,,
质疑,v,1,,,,
质量,n,1,,,,
购入,v,1,,,,
贵港市,ns,1,,,,
贷记,n,1,,,,
费及,ns,1,,,,
费是,n,1,,,,
贾佳秀,nr,1,,,,
资,n,1,,,,
资博,n,1,,,,
资合,n,1,,,,
资料卡,n,1,,,,
资深,n,1,,,,
资源管理,n,1,,,,
资金投入,n,1,,,,
赔偿额,n,1,,,,
赞成,v,1,,,,
赠与,v,1,,,,
赢利,n,1,,,,
赢得,v,1,,,,
赵德义,nr,1,,,,
起到,v,1,,,,
起租,v,1,,,,
超,v,1,,,,
超越,v,1,,,,
越权,nr,1,,,,
趋势,n,1,,,,
距离,n,1,,,,
跟获,v,1,,,,
跨,v,1,,,,
路,n,1,,,,
路桥,ns,1,,,,
路途,n,1,,,,
身为,v,1,,,,
身份证明,n,1,,,,
身体,n,1,,,,
车,zg,1,,,,
车型,n,1,,,,
转到,v,1,,,,
转去,v,1,,,,
转变,v,1,,,,
转回,v,1,,,,
转嫁,v,1,,,,
转正,v,1,,,,
转租,v,1,,,,
转租给,n,1,,,,
转让方,n,1,,,,
软件产品,l,1,,,,
软件系统,l,1,,,,
软膜,n,1,,,,
较高,a,1,,,,
辅导,vn,1,,,,
辅材,n,1,,,,
辉,a,1,,,,
辞任,v,1,,,,
辨称,v,1,,,,
辩,n,1,,,,
达某,nr,1,,,,
过,t,1,,,,
过往,t,1,,,,
过晟,nr,1,,,,
过错责任,l,1,,,,
运作,vn,1,,,,
运动服,n,1,,,,
运费,vn,1,,,,
运转,vn,1,,,,
近,t,1,,,,
近三年,t,1,,,,
近似,a,1,,,,
返利,v,1,,,,
这三家,l,1,,,,
这次,r,1,,,,
这辆,mq,1,,,,
这边,r,1,,,,
这部分,mq,1,,,,
这里,r,1,,,,
进不出,v,1,,,,
进去,v,1,,,,
进度,d,1,,,,
进是,d,1,,,,
进过,v,1,,,,
进酒,v,1,,,,
远高于,nr,1,,,,
连接器,l,1,,,,
迟迟,d,1,,,,
迪士,nr,1,,,,
追,v,1,,,,
追偿,v,1,,,,
追索,v,1,,,,
追缴,v,1,,,,
追认,v,1,,,,
追讨,v,1,,,,
追责,v,1,,,,
退一步,l,1,,,,
退工,v,1,,,,
退布,v,1,,,,
退汇,v,1,,,,
退税,v,1,,,,
退税款,n,1,,,,
退费,v,1,,,,
退赔,v,1,,,,
适格,v,1,,,,
逃税,v,1,,,,
选矿,n,1,,,,
透明,v,1,,,,
通,v,1,,,,
通信,j,1,,,,
通信地址,n,1,,,,
通常,d,1,,,,
通报,n,1,,,,
通用,v,1,,,,
通知函,nr,1,,,,
通过鉴定,l,1,,,,
逛,v,1,,,,
逸,vg,1,,,,
逻辑,n,1,,,,
逻辑推理,n,1,,,,
遏止,v,1,,,,
遗留问题,n,1,,,,
遵循,v,1,,,,
遵照,v,1,,,,
避免,v,1,,,,
邀请函,n,1,,,,
那边,r,1,,,,
邮寄,v,1,,,,
郁旭波,nr,1,,,,
郑,nr,1,,,,
郝俊系,nr,1,,,,
部门经理,n,1,,,,
郭红,nr,1,,,,
鄂,nr,1,,,,
鄞,g,1,,,,
酌减,v,1,,,,
酒,n,1,,,,
酒店,n,1,,,,
酒易,n,1,,,,
酿成,v,1,,,,
采取相应,nr,1,,,,
采购供应,n,1,,,,
里付斌,nr,1,,,,
重复本,l,1,,,,
重大过失,i,1,,,,
重审,vn,1,,,,
重建,a,1,,,,
重现,v,1,,,,
量,n,1,,,,
金,b,1,,,,
金属制品,n,1,,,,
金水区,n,1,,,,
金签,n,1,,,,
鉴定书,n,1,,,,
鑫福,nz,1,,,,
钟剑常,nr,1,,,,
钟志雄,nr,1,,,,
钱某,nr,1,,,,
铁,n,1,,,,
铁路,n,1,,,,
铁路局,n,1,,,,
铝业,n,1,,,,
铝制品,n,1,,,,
银泰,nr,1,,,,
银行帐号,n,1,,,,
银行帐户,n,1,,,,
银锋牌,n,1,,,,
链不,l,1,,,,
销冠,n,1,,,,
销售业务,n,1,,,,
销售价格,n,1,,,,
销售员,n,1,,,,
销售收入,n,1,,,,
锂离子,nz,1,,,,
错位,n,1,,,,
锦江区,ns,1,,,,
锦绣,n,1,,,,
镇民,n,1,,,,
镇路,ns,1,,,,
镇静,a,1,,,,
长,a,1,,,,
长信,nz,1,,,,
长宁,ns,1,,,,
长时间,l,1,,,,
长春,ns,1,,,,
长春市,ns,1,,,,
长沙,ns,1,,,,
长沙市,ns,1,,,,
长达,ns,1,,,,
长远,d,1,,,,
长顺,ns,1,,,,
门业,n,1,,,,
门头沟,n,1,,,,
门面,n,1,,,,
问,v,1,,,,
问答,v,1,,,,
问询,v,1,,,,
间隔,n,1,,,,
阀门,n,1,,,,
阅报栏,n,1,,,,
阐明,v,1,,,,
阐述,v,1,,,,
防于,v,1,,,,
阻挠,v,1,,,,
阻止,v,1,,,,
附,f,1,,,,
附随,v,1,,,,
陆义,n,1,,,,
陈倩,nr,1,,,,
陈旭,nr,1,,,,
陈晓波,nr,1,,,,
陈爱娇,nr,1,,,,
陈设,nr,1,,,,
陈钰,nr,1,,,,
降低,v,1,,,,
限制性,n,1,,,,
限售,v,1,,,,
限定,v,1,,,,
限度,n,1,,,,
限故,n,1,,,,
院区,n,1,,,,
院经,n,1,,,,
除对,p,1,,,,
除恶,v,1,,,,
陶雪,n,1,,,,
陷于,v,1,,,,
隆鑫,nr,1,,,,
随意,d,1,,,,
隐蔽性,n,1,,,,
障碍,n,1,,,,
隶属,v,1,,,,
难以确定,l,1,,,,
集体,n,1,,,,
集资,n,1,,,,
雇主,v,1,,,,
雇员,n,1,,,,
雍容,n,1,,,,
零七,m,1,,,,
零星,n,1,,,,
需从,v,1,,,,
需对,v,1,,,,
需知,v,1,,,,
需经,n,1,,,,
霜,n,1,,,,
青岛,ns,1,,,,
静安区,ns,1,,,,
非德,nrt,1,,,,
非正常,b,1,,,,
非法所得,l,1,,,,
非税,n,1,,,,
靠,v,1,,,,
面临,v,1,,,,
革,vn,1,,,,
革力,n,1,,,,
韦,nr,1,,,,
韩涛晟,nr,1,,,,
页,m,1,,,,
项目前期,n,1,,,,
项目管理,n,1,,,,
项目部,n,1,,,,
预估,vn,1,,,,
预先,vn,1,,,,
预决算,v,1,,,,
预设,vn,1,,,,
领款,n,1,,,,
额向三,nrfg,1,,,,
额度,n,1,,,,
额故,n,1,,,,
风景,n,1,,,,
飞尔,nz,1,,,,
飞腾,v,1,,,,
饶,v,1,,,,
馆,ng,1,,,,
首付款,n,1,,,,
首位,m,1,,,,
香精香料,nz,1,,,,
马,nr,1,,,,
马国,ns,1,,,,
马新,nr,1,,,,
马晶春,nr,1,,,,
驻外,vn,1,,,,
骆,nr,1,,,,
验资,vn,1,,,,
骏,ng,1,,,,
高低,a,1,,,,
高出,v,1,,,,
高新,d,1,,,,
高科,n,1,,,,
高管华,j,1,,,,
高院,n,1,,,,
高频,b,1,,,,
魁及,ns,1,,,,
魁和,a,1,,,,
魁是,n,1,,,,
麒泓,nr,1,,,,
麻烦,an,1,,,,
黄,ns,1,,,,
黄日山,nr,1,,,,
黄春霞,nr,1,,,,
黄永伟,nr,1,,,,
黄燕,nr,1,,,,
黄远风,nr,1,,,,
黑头,n,1,,,,
鼎竺,ns,1,,,,
齐全,nr,1,,,,
龙岗区,n,1,,,,
龙泉,nz,1,,,,
龙象,n,1,,,,
＜,x,1,,,,
＞,x,1,,,,
［,x,1,,,,
