word,count
	,410
"
",205
(,86
),86
*,39
+,1
-,39
/,7
0,1
00176,1
0036%,1
01,3
0102,4
0103,2
0115,9
0116,1
02,1
0302,1
0371,2
038%,2
05,1
07807,1
0911,1
1,191
10,93
10%,13
100,3
100%,1
1000,2
10000,13
100000,6
1000000,9
1002,1
100720,1
101,1
10100,2
1011,1
1014021,1
10180,1
102015,1
1022000,1
1025,2
10299,1
10340,2
103525,1
103682,1
10381,1
10488,1
1050,1
105000,1
10641,1
10725,1
10800,5
108122,5
10852,1
108734,1
109370,1
11,60
110000,1
1101110,2
11031,1
110600,2
11070,1
1108,1
1113,2
111800,2
1119,2
1120,1
112007,1
11223,1
113624,1
1150,5
115600,1
1156989,2
1159251,2
1165,1
116936260,1
117342,1
117350,2
1176700,1
117973628,1
1182477,1
1182600,1
1182974,1
11991,1
11994,1
11997,1
12,98
120,2
1200,2
12000,2
12013,1
120636705,1
12084,1
120ml,1
12103,1
1219075,1
122221,1
123,1
12303,1
1231,2
1234910039,1
12358,1
1240698299,1
124516332,1
124949851,1
1250,1
1270,1
1270248,1
12738,1
12800,1
1281455098,1
128248,1
128750,1
12896,1
128967711,1
1290,1
12903,1
12939,1
13,15
130,2
13111,1
1315000,3
13198,1
13200,1
13221,1
13230,1
13289,2
13302,1
1334,1
13380,1
135296,1
135329,3
13540,1
135800,3
13587461,2
136661459,1
1376084250,1
13772,1
13800,3
138671770,2
14,19
14026,1
140800,2
141516171819202122,1
1416,2
141800,1
142754,1
14342,1
14400,1
14468,1
145350,1
1468000,2
14704,1
14715,1
147550,1
147973628,1
148,2
1481,11
14824666,1
14844,3
14850524,1
1487828,1
149,3
15,27
15%,2
150,1
1500,4
15000,1
150000,3
1500000,1
15047,1
15078618,1
150987969,2
15144,1
151800,1
1521417,2
152300,1
1526,1
15304774,1
153058,1
153101922,1
1535,1
153744,1
1539,1
15396,1
15400,1
15406,2
15521442,1
15578618,1
15600,1
157500,4
1582,1
1583,1
16,32
160,2
1600,2
16000,2
16060,1
160600,1
1617660,1
16177467,1
16182,2
16190,1
1639204,1
16442,1
16522,2
16600,1
16635,1
166360,1
168000,1
168208965,1
1683,1
16985,1
17,20
17%,1
170916,1
172,1
1720,1
1726,1
17264,1
1732893852,1
1741969,2
175566,1
17568,1
17573,1
177380,2
17800,1
178511010102862683,2
18,16
1800,2
18023850,1
180700,1
18122,1
1814,2
18218073,2
18314,1
1832,2
18392,1
1841150,2
185000,1
18563155,2
188972407,2
189,1
189655,1
18972,1
19,12
19123,1
191800,1
19200,1
19328067,1
1939204,2
1940,1
194288,1
1946415,1
1947188065,1
1949,1
1953,1
195466585,1
196,1
19637,1
197,2
1973,2
197719,1
1978,2
1980,1
1981,2
1983,1
1990,1
1991,1
1993,1
1994,6
1995,1
1996,5
1997,3
1998,1
1999,9
1HoJIANG,1
1号店,1
2,102
20,13
20%,4
200,3
2000,14
200000,1
2001,1
2002,5
2003,5
2004,3
2005,3
2006,9
2007,9
2008,20
2009,9
2010,15
2011,43
20114,1
2012,62
20124YC,1
20125YC10,1
20126YC9,1
20127YC8,1
20128YC12,1
2013,68
201307,1
20137YC,1
20138YC3,1
20139YC4,1
2014,67
20140YC,1
20141YC11,1
2015,76
2016,52
20161,4
2017,78
2018,89
2019,27
2020,19
202014,1
2021,1
2022,1
2024,1
2028,1
203,1
2050,1
206,1
2098,1
21,15
210,1
21012151718202123,1
2106,1
21125,1
2117,1
2117660,1
21225,1
212556,1
212740000,2
214369267,1
2145,1
21450,1
2150,1
21568,1
21675519,3
216768,1
2181,1
2188237,1
2190,1
219076489,1
219082669,2
21956,1
21994,1
21996,1
22,9
22%,1
220,2
22009,1
22013,1
22015,1
22018,1
22053941,1
22192,1
22253,1
22561,1
22811,4
22829,4
2286,1
2295,1
23,11
230,2
2300,6
23000,1
23192,1
2320,1
232427,1
2327,1
234%,1
23427,1
235,10
235000,6
235839,1
236ml,1
237307444,2
23800,3
23886,2
2392,1
2395,1
24,15
24%,1
240,1
241,1
241351172,1
2417,1
2427,1
2446534,1
2462,2
246780393,1
2477350,1
24955,1
24960,1
25,15
25%,4
250,1
2500,4
25000,2
25047,1
25189,2
25200,1
2525,1
25346,1
254,1
2544,1
25440,1
2546,1
25510,1
2580,1
25884005,1
259,1
26,23
260,2
26000,1
260064,2
261800,1
26225,1
262829,1
2640,1
265064,1
26568,1
26578,1
2668789561,1
27,8
270,2
272618,1
273346,2
27379,1
275,3
27527,2
27566741,1
277674,1
27889,1
2794,4
27983,1
28,31
280,4
2824380,1
28275,1
2829,1
284379181,1
2887,1
289,2
289149,1
29,29
2900,3
290336878,2
2929,1
2943,1
29455,1
2952855,6
29565266,1
29579,2
2978460,2
298269,3
3,145
30,36
30%,6
300,7
3000,7
300000,3
3000000,1
30026YD5,1
30027YD6,1
30056,1
3025,1
3033640,1
30540,1
30628048,2
30756,1
30800,4
31,26
31250,1
319199,1
3199,1
31996,1
32,4
320,3
32008,1
32013,1
32020929,2
32077,1
3221,1
32241,1
3233,1
3256,1
328750,1
3300,5
3303010001012740000000143,2
33200,2
33733,1
33748,1
34,4
340,1
3400,1
34052,1
34254,1
343619563,1
34458,1
34728,1
3480,1
34800,2
34852,2
349,2
35%,3
350,1
3500,1
3500000,1
35329,1
3570,1
357754439,2
36,2
36383,1
366871,1
36887003,1
3696,1
37,3
3711%,1
37280,3
373666,1
37643,2
3789,1
37933606,1
379947,1
38,4
380,2
3800,1
38242,1
3842,1
3851,1
38894441,1
39,2
39231,1
3941360000,1
395,1
395000,1
396300,3
3975,1
4,101
4%,2
40,13
40%,3
400,2
4000,3
40000,5
401784,2
40200,2
40223,1
4044,3
4047800,1
40644245,1
40726,1
40956,1
410,1
410462,1
41080,1
412,1
4140,1
41590,1
4187,1
41914706237,1
4193,1
41994,1
41996,1
42%,1
42013,1
422115,2
4234,1
42350,1
42450,2
4267,1
427115,2
427737,1
42850524,1
4300,3
431970,1
43221006,2
43560,1
4400,2
44105,1
4493,1
45,2
45%,2
4500,1
45000,3
450000,1
450715,1
4508,1
4512,1
45219,2
4570,1
458,3
45g,1
46,5
460,1
4605,1
46250,2
4638,1
466,1
46800,2
470,1
47000,1
4704,1
47168,1
472257,1
472400,1
473560,3
4746220,1
48216,1
483,2
4844,1
486688,1
488590,1
4908254,2
4950,2
4956750,1
49800,1
499%,1
5,106
5%,2
50,18
50%,9
500,4
5000,30
50000,2
5003,1
50428,1
5050,1
5051525758606263676869,1
5070,1
51,1
5100,1
512,1
512081857,1
515001,1
5167,1
5200,1
5208845,1
52088475,1
524,1
524385,1
5244,1
525000,2
52597,2
52600188000020900,1
52842,1
53,1
53308342,4
534609,1
536,1
53800,3
5380000,1
5380127,1
54,2
54000,1
5416,1
542,1
54200,1
5500,1
551000,1
5535,1
5555694,3
5569,1
5572615,1
56,3
5676,1
567851,1
5693,2
57,1
57176,1
576,1
5797622,1
5800,3
580026,2
5802,1
58650,1
58700,1
589028702,1
6,88
60,2
60%,2
600,2
6000,1
60000,3
6013,1
60188342,2
6027,1
604711,4
60756,2
60778,2
6084,1
6098,1
610831,1
61999,1
620,1
627,2
6278,1
6288,1
62901,1
629826268,1
629832,1
629926,1
63,1
6340,1
635963986,1
64,1
640400,1
6442,1
64638,1
6466,1
65,2
6500,1
65000,1
6534,1
6575,1
6577,1
65850444,2
6599,1
6600,1
660469808,1
660746,1
66309665,2
666,1
667,1
67000,1
6772,1
67800,1
67937305,1
680,1
68661,1
68884884,1
691394200,1
695000,1
69943,1
7,120
7%,1
70,4
70%,1
7000,1
70000,1
702264,1
704,1
7040,1
7056,1
7071,1
71300,1
71712989,1
718975,1
72310284,2
7244,1
7273,1
7323,1
733,1
734,1
734000,8
7362,1
7465350,1
75,1
75%,2
7500,1
752860,2
7533,1
7576,1
7591043,1
75984994,1
76222,1
7659,2
77,1
77550,2
77779827,1
779953,5
78,2
789,1
795389,1
7983,1
8,66
8%,8
80,3
80%,5
800,1
8000,6
80000,11
80133,1
80218,1
80400,1
8080,1
81%,1
8173,1
81800,2
8200,1
82000,1
82008,1
82013,1
82200,1
823574,1
8239325,1
8283,1
83,1
8300,1
8340,1
836834,1
8400,2
8414,1
84653,1
85,2
85458,1
8556,1
8592955,1
86,1
860,1
86800,2
87,3
8740,1
877830,1
8800,4
8827,1
8951,1
896,5
897,3
9,81
90%,6
90000,3
90157,2
9046,1
9050,1
909333,1
9159,1
91800,1
92006,1
92014,1
925%,1
92630425,1
9268,1
93%,2
9310,1
9313,1
93600,1
93800,1
94%,2
94000,2
944,3
944269309,5
9533891,1
957711456,1
95801866,2
96,1
966,1
9660,1
97,1
9753,2
9800,2
98000,2
98100,1
9818,2
9819,1
9828126,1
9836,1
9900,1
9906,1
99464,1
9962,1
9966,1
99900,1
;,1
=,3
A,4
A1,1
AGC,1
ALL,1
App,1
B,6
C,3
CEO,2
CMO,1
CnAm,8
D,1
DHL,2
DY,1
ECEL,5
HY,2
KOMPASS,1
KOMPASSGROUPLLC,2
NYC147849,1
PATRICKLYNCH,1
PDF,1
PDST,1
PHILPMLYNCH,1
POS,1
QQ,1
QQ号,1
ResortPropertyInterntionlLtdOcenGrdenHoldingsLtd,3
SDOPTICS,5
SSGF,1
TVM,12
VF,2
VFPRODUCTION,1
VICEGENERALMANAGER,1
VR,1
ViceGenerlMnger2015,1
Z,1
[,2
],2
cool,1
ct,1
mgicline,1
wwwnet,1
·,1
‘,1
’,1
…,125
→,1
〇,2
〈,13
〉,13
〔,1
〕,1
㎡,2
一,133
一万三千,2
一万二千,1
一万八千,1
一下,7
一个,22
一个月,1
一中,4
一事,3
一二,2
一于,1
一亚,24
一些,2
一人,4
一份,32
一会,1
一位,1
一体化,1
一共,1
一切,3
一千,2
一千零五,1
一半,1
一即,1
一台,1
一名,4
一天,1
一定,21
一审,196
一审判决,43
一家,2
一年,4
一并,8
一并处理,2
一式,1
一张,2
一成不变,1
一方,10
一方面,9
一日,3
一是,11
一曲,1
一本,1
一栏,3
一样,4
一案,10
一楼,1
一概,1
一次,2
一次性,1
一款,1
一津陵,2
一洪谦,1
一洪谦于,1
一派,1
一点,1
一王仁繁,1
一王宗宏,1
一王玲,1
一环康,2
一由,1
一百,1
一百八十,12
一百四十九,6
一直,19
一眭蓓蓓,1
一碰实,1
一票,2
一种,5
一笔,1
一类,2
一系列,3
一级,1
一组,4
一经,1
一罗正明,1
一职,11
一致,28
一致同意,2
一致性,2
一致意见,2
一般,16
一节,8
一览表,1
一言九鼎,3
一说,2
一起,2
一辆,1
一部分,7
一队,19
一限,1
一项,6
丁杰,1
七,8
七份,1
七千,3
七年,1
七日,23
七月,1
七角,2
万,3
万余元,7
万元,158
万至,1
丈夫,1
三,103
三万,3
三万元,1
三个,9
三中,1
三人,1
三份,6
三位,3
三分之二,1
三十万元,1
三十八,1
三十六,1
三十六条,1
三十日,17
三千元,1
三原,1
三台,1
三家,9
三年,6
三德盾,1
三方,2
三是,6
三李,1
三次,1
三河市,2
三洪谦,2
三源,10
三王,1
三种,1
三类,1
三系争,1
三级,1
三者,1
三街,1
三资企业,1
三项,2
三黄,1
上,141
上下班,1
上下级,1
上传,1
上作,1
上列,1
上午,1
上司,1
上后,1
上均,2
上市,5
上市公司,19
上文,1
上次,1
上法,1
上海,254
上海市,50
上海市公安局,1
上海市浦东新区,7
上海市第一中级人民法院,16
上海浦东新区,1
上润蕾,1
上游,1
上犹县,4
上班,3
上级,1
上级部门,1
上线,2
上网费,5
上诉,299
上诉人,176
上诉期,1
上诉状,109
上该,2
上述,197
上述事实,6
上述情况,1
上限,2
上面,2
下,74
下中瑞,1
下仅,1
下列,54
下半年,1
下单,1
下发,2
下向,1
下属,6
下应,2
下本应,1
下来,1
下水管,1
下浦,1
下滑,3
下王,1
下级,1
下结论,1
下落,1
下设,2
下账,2
下载,1
下述,1
下金,1
下鑫波,1
下长峰,1
下降,2
不,361
不一,1
不予,254
不予认定,7
不交,3
不仅,10
不以,1
不会,6
不全,2
不具,1
不再,35
不利,36
不利于,4
不到,5
不及,1
不变,3
不合,2
不合理,3
不同,25
不同于,1
不向,1
不含税,2
不因,1
不大该,1
不妥,6
不定期,1
不宜,6
不尽合理,1
不尽相同,1
不属,2
不应,11
不廉,1
不当,15
不得,138
不断,1
不明,2
不是,45
不服,125
不清,3
不由,1
不知情,7
不确定性,1
不符,16
不管,1
不能,202
不能到达,1
不能证实,6
不行,1
不解,1
不论,2
不设,31
不负,5
不起,1
不足,23
不足以,47
不适,4
不顾,1
与,809
与丽仁,4
与丽彤,2
与会,1
与否,2
与康,4
与志凯,5
与晖达,1
与浩迈,1
与眭蓓蓓,1
与赛,1
与鑫华,3
与鑫波,1
专,2
专业,2
专利,3
专利技术,1
专属性,1
专案,1
专用,1
专用章,4
专门,2
专项,7
丙方,3
业,1
业务,290
业务员,4
业务收入,2
业务经理,1
业务联系,1
业务范围,1
业务部门,6
业务量,5
东,5
东亚银行,1
东区,2
东南角,1
东城区,1
东平,15
东方,3
东方公司,8
东胡,1
东芝,2
东莞,41
东莞市,12
东金博,1
两,77
两个,23
两人,7
两份,11
两位,4
两原,1
两名,9
两审,1
两家,11
两年,11
两张,1
两方,1
两案,3
两次,4
两种,7
两笔,3
两者,6
两者之间,1
两节,1
两项,7
严格,4
严格执行,1
严格考核,1
严格遵守,1
严重,12
丧失,7
个,58
个人,51
个人利益,4
个人所得税,8
个人承包,3
个人收入,3
个人电脑,1
个人行为,3
个人账户,10
中,401
中一亚,1
中不应,1
中丽彤,1
中乐辉,1
中亦未,1
中仅,1
中介,10
中介机构,6
中余蕾,1
中佳视鑫,1
中信,1
中信银行,3
中俪领,5
中兴公司,1
中升安,1
中华,3
中华人民,1
中华人民共和国,380
中即,1
中原,5
中周,1
中国,64
中国人民银行,6
中国农业银行,2
中国建设银行,2
中国民生银行,8
中国海关,1
中国电子商务协会,1
中国移动通信集团,3
中均,9
中外,1
中外合资,3
中央,1
中奥吉娜,1
中宋,1
中审,1
中将,1
中尚,1
中层,1
中山,2
中山市,1
中应,1
中康,2
中建,3
中弗,1
中张,2
中心,8
中思永,1
中所称,2
中文,2
中新鼎,2
中明州,1
中普,1
中普旭,1
中智,3
中有,6
中标,1
中止,2
中汽,2
中法,2
中洪谦,3
中派华,1
中浦,1
中涛,11
中王,1
中环,2
中瑞,33
中电炙阳,11
中电诺金,3
中盛军,1
中石小羽,1
中科,1
中秦,1
中称,2
中系,2
中级,78
中联,2
中艺,27
中诚,1
中谢芳,1
中谭,1
中路,2
中转,1
中较,1
中邦,2
中钱瑶,1
中铁,2
中院,6
中除,1
中马艳,1
中骨语,1
中高管,2
中高级,2
中鲁,1
中鸿,1
串通,5
临时,8
丹阳市,1
为,932
为代山宇,1
为先,1
为准,4
为宜,1
为康,3
为德,1
为林,2
为款,1
为止,1
为此,4
为永疆,1
为浦,3
为瑞,1
为眭蓓蓓,1
为系,1
为证,2
为重,2
为金,1
为鑫,1
为鑫波,1
为限,1
为限故,1
主,2
主体,86
主体资格,20
主动,2
主导,4
主张,379
主持,10
主文,1
主旨,1
主管,18
主营业务,7
主要,44
主观,2
主诉,2
丽仁美娜,1
丽彤,21
举报,1
举示,7
举行,1
举证,99
举证责任,26
乂,3
乃至,1
么,1
义务,442
义务人,7
之,223
之一,9
之三,1
之上,1
之下,2
之久,1
之二,1
之债,1
之初,2
之前,38
之名,1
之后,26
之处,3
之外,13
之夫段,1
之所以,2
之日,3
之日止,5
之日起,173
之时,1
之母,1
之职,1
之诉,13
之间,84
乌鲁木齐,2
乐视,1
乐辉,34
乐金,1
乐陵,3
乐陵市,9
乙方,31
九,3
九人,1
九十七,1
九州,1
九百,1
九高,1
九龙坡区,2
九龙山,3
也,187
也好,1
也就是说,2
习惯,2
书,3
书信,1
书前,1
书本,1
书系,1
书面,39
书面形式,1
书页,1
买入,1
买卖,1
买卖合同,4
买方,2
买永静,8
乳制品,2
予以,223
争执,2
争议,127
事,4
事业,1
事先,1
事关,1
事务,18
事务所,9
事务所律师,17
事发,1
事后,1
事宜,20
事实,332
事实上,8
事实根据,2
事实清楚,40
事实证明,1
事情,3
事由,4
事项,19
二,86
二万,2
二个月,1
二中,2
二为,1
二人,4
二元,3
二兴港,1
二初,1
二加丹,1
二十三条,1
二审,144
二宽塔,1
二对,1
二层,1
二年,3
二张,1
二明州,1
二是,9
二曲,1
二期,1
二泰威,1
二洪谦,1
二洪谦于,1
二王玲,1
二环,1
二由,1
二百,1
二百三十,2
二类,2
二者,3
二者之间,2
二航,1
二院,1
二项,1
于,251
于本,10
于法,3
于法无据,9
于洪区,1
于秉军,1
亏损,8
亏损额,2
云,2
云南,15
云南省,5
互为因果,1
互相,2
互联,4
五,8
五万五千,2
五十九,1
五千,1
五千元,3
五年,4
五方,1
五日,1
五月,1
五环,1
五百三十,1
五金,1
五金交电,5
五金制品,1
五金工具,1
亚太,2
亚洲区,2
交,4
交予,2
交付,9
交付给,2
交割,3
交割单,1
交办,2
交叉,6
交回,1
交换,8
交接,3
交易,116
交易价格,3
交易所,3
交易额,1
交流,3
交由,3
交纳,25
交给,2
交费,1
亦,135
亦予,1
亦可,2
亦系,2
亦非,2
产,2
产品,36
产品价格,1
产品报价,1
产权,1
产权证,3
产生,27
产生矛盾,1
产生纠纷,2
享受,8
享有,39
京,2
亭,6
亭卫,16
亲属,2
亲属关系,2
人,167
人为,10
人事,7
人事安排,1
人二陈,1
人于,1
人众,1
人佳琪,1
人力,3
人力物力,2
人力资源,3
人及,4
人可于,1
人合,1
人员,83
人均,8
人外,1
人大,1
人季步,1
人工成本,2
人康,1
人据,1
人故,2
人数,121
人易淳,2
人普旭,1
人格,6
人民,2
人民币,53
人民日报,6
人民检察院,2
人民法院,156
人洪谦,2
人游昌胜,2
人游昌胜该,2
人漫趣,1
人牟虹,1
人物,1
人称,1
人章,1
人系,3
人脉关系,1
人自,2
人财物,1
人连,1
人马,3
亿元,1
亿光,3
亿海,5
亿烁,6
亿铁,1
亿飞,3
仁和,2
仅,37
仅为,6
仅仅,11
仅以,4
仅凭,6
仅山宇,1
仅系,3
仅限于,5
仅靠,1
仇胤,3
介入,2
介绍,2
仍,47
仍为,3
仍多,1
仍然,11
从,121
从业者,1
从中,8
从事,55
从优,1
从余进,1
从元,1
从入,1
从华清,2
从博革,1
从友力,1
从山宇,3
从康,12
从未,5
从永疆,2
从津陵,1
从浦,1
从炬烽,1
从现,1
从瑞慈,1
从盛,1
从经,1
从而,9
从赖秀萍,1
从金,1
从鑫波,1
仓储,3
仓库,4
仕,8
他,177
他七份,1
他人,213
他们,3
他方,1
付,4
付出,1
付斌,3
付春霞,22
付款,18
代,1
代中涛,1
代为,5
代付,7
代付款,1
代偿,1
代山宇,2
代扣代缴,2
代投费,1
代持,6
代收,4
代收款,4
代晖达,1
代替,3
代理,24
代理人,26
代理商,11
代理权,1
代理费,5
代签,3
代管人,1
代表,67
代表人,35
代表处,8
代购,1
代销,1
令人信服,1
以,174
以上,35
以下,28
以中艺,2
以为,2
以乐检,1
以低,3
以余,4
以华,1
以博,1
以及,97
以叶军,2
以后,9
以圣,1
以外,10
以山宇,2
以建科,1
以形,1
以往,1
以德,1
以方,1
以智美,1
以来,5
以林,1
以案,1
以此,7
以毛,1
以沸鸣,2
以洪谦,2
以浦,1
以温,1
以稚趣,1
以舒麦,1
以该,3
以酒易,1
以金,1
以金徕,3
仪器,1
仪器仪表,3
们,1
仲裁,6
仲裁庭,2
件,30
价为,1
价位,1
价值,7
价即,1
价格,16
价款,15
价税,1
价额,1
任,8
任一,1
任何,36
任何人,2
任免,6
任剑明,3
任务,8
任命,17
任命书,8
任希辉,10
任强,1
任意,1
任期,14
任某,1
任用,1
任职,114
任职期间,24
任鑫华,1
任锋,9
任高管,1
份,14
份拟,3
份文件,1
份额,3
企业,41
企业信用,5
企业法人,5
企汇,19
伊朗,11
众,4
众博,16
众所周知,2
众智,15
众爱,7
众禄,2
众联,12
众鑫云,2
优于,2
优先,1
优惠,3
优惠价格,9
优环,4
优能,6
优那特,1
会,15
会上,1
会务,2
会签,2
会计,19
会计准则,2
会计凭证,3
会计师,7
会议,17
会议纪要,6
伟奥,5
传,1
传唤,2
传媒,13
传感,3
传感器,1
传播,1
传票,3
伪造,5
伯乐,3
估值,1
估算,6
但,269
但博革,1
但原告,15
但山宇,1
但应,1
但德远,1
但是,32
但桑霞,1
但次,1
但此,1
但津陵,1
但浦,1
但现,2
但系,1
但豫道,1
但鑫,1
位,7
位于,4
位置,2
低,4
低于,14
低价,2
低额,1
住,8
住所,2
住所地,11
佐夫,4
佐证,40
体彩,1
体现,10
体系,1
何,1
何处,1
何朝均,2
何来,1
何种,2
余,31
余万元,2
余款,1
余蕾,15
余蕾林,4
余进,1
余额,5
佛山市,1
作,15
作为,187
作价,3
作出,87
作出指示,1
作废,2
作用,3
作证,2
你,7
你们,1
佣金,25
佰,1
佰利诺,1
佳丽,1
佳园,1
佳杰,7
佳杰于,1
佳琪,7
佳祺仕,1
佳视鑫,8
使,19
使得,1
使用,45
使用权,5
使用税,4
使领馆,2
供,2
供应商,1
供述,1
供销社,1
依,17
依托,1
依据,194
依据事实,25
依法,91
依法追究,1
依约,2
依该,1
依赖,3
依赖于,1
依靠,1
侦查,2
侧面,1
侵占,23
侵吞,1
侵害,42
侵权,48
侵权人,8
侵权行为,32
侵犯,21
便,6
便利,106
便利性,1
便携式,3
促使,2
促成,5
俊,12
俗,2
保健,37
保健品,2
保健食品,7
保全,7
保全申请,6
保全费,36
保存,1
保密,9
保护,11
保持,3
保洁,3
保税区,1
保管,9
保证,3
保证金,5
保费,4
保金,1
保险,2
保险业务,1
保险产品,2
保险代理,1
保险单,1
保险费,2
保险费用,1
保障,3
俞中,2
俞中清,5
俞洁华,1
俞洁华向,1
信,7
信丰,2
信义,1
信亚,1
信件,2
信任,2
信函,5
信号,1
信好,13
信息,52
信息化,1
信息技术,15
信赖,1
俪,31
修改,18
修正,10
修正案,4
修订,2
修订稿,1
修造,3
俱,19
俱乐部,2
倍,3
候小滨,3
借,2
借助,1
借款,32
借款人,2
借用,1
借给,1
借贷,8
倪,5
倪娅,2
债务,73
债务人,1
债权,11
债权人,12
债权债务,2
债系,1
值,3
倾向性,1
倾斜,1
假借,1
假日,2
假设,2
做,11
做出,4
做到,3
做好,1
做线,2
做账,1
停业整顿,1
停放,2
停止,27
停止使用,2
停滞,1
停车位,1
健儿,11
健康,6
偿付,4
偿还,8
傅梅,3
储存,1
催告,1
催要,1
傲松,1
儒,1
儿子,2
儿童,2
允许,3
元,729
元中,3
元为,4
元二,13
元二对,1
元于,5
元仅,1
元余,1
元余为,2
元余均,3
元依,1
元加,1
元卡考,4
元及,10
元同,1
元后,2
元四对,1
元因,8
元均,4
元多,1
元好,2
元宝,2
元应,2
元归,1
元归乐辉,1
元归德远,1
元归艺,1
元德远,1
元故,1
元整,1
元明,1
元本,26
元款,1
元此,1
元洪谦,1
元温,6
元现,1
元由乐辉,3
元由康,1
元由浦,1
元由浩迈,1
元由温,1
元由申,1
元由陆,2
元系,2
元经,1
元联达,2
元股,1
元虞夏萌,1
元补,1
元该,4
元金徕,1
元顾,2
兄妹,1
充分,28
充分行使,1
充分证明,2
充足,1
先,6
先后,3
先导,1
先生,5
先签,2
先给,1
先行,1
光大银行,1
光学,1
光村,2
光电,3
光盘,1
光谱仪,1
克拉,39
克拉玛依市,1
克莱克,12
克鲁诺,11
免交,2
免去,5
免责,2
免除,8
入股,28
入账,3
全为,1
全于,1
全众,3
全体,9
全国,5
全圣,10
全局,1
全应,1
全权,1
全权负责,3
全案,1
全程,1
全资,5
全过程,2
全部,55
全部都是,1
全面,9
全额,3
八份,1
八十四,1
八条,1
八百,1
八百元,1
公众,4
公信力,1
公允,1
公函,1
公卫,7
公司,5191
公司业绩,1
公司债务,4
公司员工,11
公司法,397
公司法人,7
公司章程,206
公司财务,30
公告,2
公告费,2
公告送达,1
公安局,7
公安机关,19
公安部门,1
公布,1
公平,3
公平合理,1
公序良,2
公开,10
公开性,1
公开招标,1
公民,3
公示,11
公私,1
公积金,2
公章,45
公证,13
公证书,8
公证机关,2
公证费,2
公诉,6
公路,4
六,5
六十,1
六十二,1
六十四,2
六千五百,1
六方,1
六百,2
六百元,2
兰特,5
共,2
共同,76
共同体,3
共同商定,1
共同财产,1
共向,1
共和,1
共欠,1
共用,1
共管,1
共营,1
共计,21
共识,2
关于,345
关怀,1
关洁台,1
关涉,1
关系,159
关联,69
关联性,31
关键,2
兴,1
兴港,16
兴隆,8
具体,42
具体内容,1
具体分析,4
具体情况,1
具体表现,1
具备,25
具有,83
典当,1
兼,12
兼任,7
兼职,5
冀,1
冀民终,2
内,104
内向,124
内外,1
内容,90
内容分析,1
内应,1
内心,1
内才,1
内控,3
内晋宇,1
内未,11
内档,1
内民证,1
内法芮,1
内洪谦,1
内涵,1
内该,2
内部,27
内部事务,1
内部人员,1
内马利祥,1
再,20
再外,1
再审,8
再次,17
再次发生,1
再行,1
冒,1
写,1
写给,2
军代表,1
农,13
农业,3
农业银行,1
农于,2
农产品,2
农从,1
农从浦,1
农任,1
农任浦,1
农在,1
农均,1
农对,2
农是,1
农浦,1
冯华桥,35
冯某,1
冰于,1
冰川,3
冲抵,2
冲突,3
冲突性,1
决,4
决定,44
决定书,2
决定性,1
决定权,4
决策,13
决策权,4
决策程序,1
决策者,1
决议,116
决金徕,1
况,4
冶金,1
净利润,7
净利润率,1
净收入,1
净资产,1
准则,2
准噶尔,1
准备,1
准据法,2
准确,2
准确性,2
准许,6
凌澜,2
凌驾于,1
减交,2
减半,17
减去,4
减少,6
减溢故,1
减轻,2
减除,2
几,1
几个,3
几项,1
凤李,1
凤翔,10
凭,1
凭单,2
凭据,1
凭条,2
凭证,48
出,7
出于,1
出亭卫,1
出任,2
出借,4
出入,1
出入境,2
出具,35
出发,1
出口,1
出售,9
出差,4
出席,1
出庭,4
出庭作证,7
出来,1
出现,8
出生,1
出示,4
出租,4
出纳,4
出让,5
出让方,4
出谋,1
出资,51
出资方,1
出资者,2
出资额,4
出面,2
函,7
函上,1
函中艺,1
函件,2
函拟,1
函系浩迈,1
分,4
分为,3
分公司,57
分别,34
分包,1
分局,5
分工,1
分开,1
分得,1
分成,1
分户,3
分担,1
分支机构,3
分期分批,1
分析,25
分歧,2
分离,1
分类,2
分红,15
分行,2
分述,1
分配,13
分配利润,8
分配比例,1
切实,1
刑事,16
刑事判决,1
刑事案件,4
刑事法律,1
刑事犯罪,1
刑事诉讼,2
刑事责任,1
刑初,11
刑诉,1
划分,2
划转,1
列为,4
列举,3
列入,1
列支,2
列表,1
列项,1
刘,6
刘凯,3
刘加松,4
刘同光,3
刘品,8
刘宁,4
刘宏菲,1
刘宏菲为,1
刘宏颖,2
刘广涛,4
刘德胜,1
刘志敏,4
刘志敏应,1
刘昊,12
刘春娜,1
刘泱,15
刘泱即,1
刘泱是,2
刘芳,16
刘连栋,4
刘静,9
刘静称,1
刘鹏,6
则,36
刚,3
刚刚,1
刚才,1
创业,3
创办,1
创始人,1
创意,6
创智,1
创赢,3
初字,8
初字件,1
初字款,3
初步,6
判令,17
判决,530
判决书,141
判处,3
判定,4
判断,21
利害关系,9
利息,93
利润,80
利润分配,6
利润总额,5
利润率,10
利润表,3
利润额,3
利源,8
利率,2
利用,153
利用职权,9
利益,319
利益一致,1
利益冲突,1
利益输送,1
利祥,1
到,39
到位,4
到场,1
到庭,6
到期,4
到款,1
到浦,1
到辰,1
到达,1
到院,1
制作,51
制品,5
制定,8
制度,17
制药,4
制订,1
制造,8
削减,1
前,29
前原,3
前后,1
前均,1
前提,6
前提条件,4
前案,6
前款,63
前沸鸣,1
前浦,1
前经,3
前置程序,9
前肖,3
前诉,4
前身,1
前述,39
剑场,8
剥夺,5
剥离,1
剧组,2
剩余,14
副,1
副总,1
副总经理,36
副总裁,3
副本,109
副经理,48
副董事长,8
副食,1
力,11
力合,4
力士,1
力故,1
力要,1
力远,1
劝说,1
办,1
办事处,7
办公,12
办公室,7
办公用品,3
办法,12
办理,18
功能,1
加,2
加上,2
加丹,10
加之,5
加付,1
加以,20
加倍,61
加入,1
加剧,1
加州,1
加工,10
加班费,3
加盖,18
加盟商,2
加盟费,2
动力,28
动机,1
助理,3
努力,3
劳务,11
劳务费,1
劳务输出,1
劳动,14
劳动合同,41
劳动报酬,3
劳动法,1
劳动者,1
勤俭,20
勤勉,75
包,1
包含,12
包括,68
包给,2
包装,4
化妆品,1
化学,1
化工,1
化电,1
北京,88
北京市,13
北京市第一中级人民法院,4
北京市第二中级人民法院,3
北京市高级人民法院,1
北京路,1
北亭,2
北仑,6
北干,1
北方,15
北海,2
北海市,1
北路,2
匹配,1
区分,2
区别,3
区域,12
区域经理,3
区长,4
医大,1
医学,1
医疗,2
医疗器械,12
医药,11
医药公司,4
医院,10
医霖,3
十,1
十二局,1
十五万元,2
十五元,2
十五天,1
十五日,104
十五次,1
十元,1
十几万元,2
十日,37
千八百,1
升任,1
升安,10
升级,2
半,1
半年,2
半数以上,3
华,4
华东,1
华东区,8
华丰,7
华北区,3
华彩,6
华扬,4
华清,7
华煜鼎尊,7
华电,13
华红兰,12
华越,4
协会,11
协作,1
协助,1
协商,11
协查,2
协议,145
协议书,16
协调,2
卓弈,1
卓然,29
单,11
单一,1
单上,6
单中,1
单价,1
单位,21
单凭,1
单卡,1
单对,3
单应,1
单据,4
单方,18
单方面,1
单未,1
单独,18
单等,1
单系,1
单纯,1
单经,1
单项,2
卖出,1
卖方,1
南京,4
南京市,3
南六,1
南华,4
南宁市,4
南路,2
博士,24
博悦,3
博文,14
博洋,7
博雅,40
博革,14
占,7
占为己有,1
占康,1
占有,12
占用,4
占用费,4
占股,2
卡考,29
卢远青,1
卫,6
卫心,2
卫生纸,1
印刷,1
印正,3
印章,9
印花税,3
印证,11
印鉴,1
即,96
即为,1
即乐辉,1
即任,1
即余蕾,1
即使,22
即便,16
即可,4
即奇珠,1
即崇,13
即应,1
即日起,1
即时,4
即明州,1
即朵,1
即洪谦,1
却,10
卷,13
卷宗,1
厂,3
厂为,1
厂区,1
厂房,12
厂长,2
历史,3
历程,1
压力,1
压缩,2
原,46
原件,13
原先,2
原则,24
原则上,1
原判,2
原告,1146
原因,7
原始,10
原始凭证,2
原始股,3
原审,77
原有,1
原本,2
原材料,2
原来,2
原点,4
原系,1
原被告,16
原辅材料,1
原高管,2
去,2
去世,3
去伪存真,1
去向,1
参与,48
参会,1
参加,8
参照,3
参考,8
参股,3
又,33
又称,2
又行,1
及,383
及丽彤,2
及乐辉,1
及余,1
及余蕾,1
及信,1
及博革,1
及夏菊芬,1
及大,1
及大榭,1
及康,2
及张,1
及思永,1
及承责,1
及时,8
及时性,1
及晟睿,1
及本,1
及林,1
及桑霞,1
及津陵,1
及炬烽,1
及王,1
及赛,1
及马,1
友力,7
友效,2
友谊,2
双,9
双方,89
双重,1
双重身份,3
反之,1
反应,2
反悔,1
反映,21
反而,3
反证,4
反诉,2
反驳,15
发,1
发件人,2
发出,2
发函,5
发包,1
发向,1
发回,1
发回重审,1
发展,23
发工资,1
发布,8
发放,22
发明专利,5
发现,5
发生,59
发生冲突,2
发生变化,2
发票,39
发给,2
发行,6
发表,2
发货,1
发起,1
发起人,5
发还,1
发送,15
发送给,3
发邮件,1
取代,1
取得,72
取票,1
取票机,1
取证,2
取走,2
受,17
受到,17
受到限制,1
受取,1
受叶军,1
受售,4
受托,3
受托人,1
受损,2
受损害,1
受晖达,1
受理,9
受理费,256
受益,2
受聘,2
受让,11
受让人,1
受让方,7
受评,2
受诉,3
受贿罪,2
受领,2
变动,3
变化,2
变成,1
变更,51
变远,1
变量,1
口头,6
口头上,1
口述,1
古在鑫,1
古驿,4
句容,5
句容市,3
只,7
只是,19
只有,5
只能,10
只要,2
召开,27
召集,10
可,148
可以,138
可向林,1
可循,2
可成,1
可择,1
可知,8
可能,22
可能性,6
可行,9
可行性,1
可行性研究,1
可见,12
可诉,1
可达,1
台,7
台关洁,1
台湾,11
台湾地区,1
台站,1
叶军,19
叶军间,1
叶建荣,1
叶贵君,1
号,112
号室,1
号案,2
号码,2
号系,1
号骏逸,1
司法,10
司法解释,6
司法鉴定,1
司长,1
吃,1
各,32
各个,1
各位,1
各半,1
各占股,1
各持,1
各方,18
各方对,3
各省,1
各种,2
各种因素,3
各类,6
各自,8
各项,10
各项规定,1
合一,1
合伙,2
合伙人,1
合作,77
合作伙伴,2
合作项目,3
合创,6
合利净,11
合同,298
合同书,5
合同文本,1
合同期,1
合同条款,4
合同法,10
合同纠纷,6
合同规定,1
合并,3
合意,2
合法,21
合法利益,3
合法性,11
合法权利,2
合法权益,22
合理,25
合理合法,1
合理性,11
合约,7
合营,1
合计,47
合资,2
合资经营,1
合适,1
吉林,2
吉林省,1
吉祥,1
吊销,4
吊顶,5
同,15
同一,16
同业,22
同为,1
同事,3
同云盛,9
同仁堂,5
同年,4
同志,1
同意,172
同时,73
同月,1
同期,8
同样,2
同等,2
同类,152
同类经营,4
同级,1
名,5
名下,10
名为,5
名义,79
名列,1
名单,1
名园,1
名片,4
名牌,3
名称,11
名章,1
名除,1
后,145
后于,1
后以,3
后大榭,1
后应,1
后方,1
后明,1
后明于,1
后明州,2
后易富,1
后来,1
后果,49
后浦,2
后经,1
后续,6
后者,1
后诉,4
后该,3
向,218
向上,1
向东,1
向山宇,1
向幸,1
向康,3
向晖达,1
向晟睿,1
向朗易,1
向桑霞,1
向罗克峰,1
向豫星,1
向鑫,1
吕兆信,1
吕静,1
否则,6
否定,2
否认,19
吧,1
吨,1
含,2
含义,6
含有,2
启动,5
启明,40
启瑞大,3
启维,2
吴大辉,2
吴大辉代,1
吴宇志,1
吴川,1
吴晓嫣,10
吴焕栋,2
吴秋,5
吴美华,1
吴翠华,3
吴翠华于,1
吴边,8
吴静,5
吻合,2
呀,2
呈,1
呈现,1
告知,14
告诉,14
员,1
员工,44
员工工资,7
员工福利,1
呢,3
周,8
周冰,2
周剑明,1
周勤,10
周婷,10
周宜民,6
周小玉,2
周忆,1
周春梅,1
周末,4
周洪波,1
周玉芳,9
周红,2
周红系,1
周进,5
周逸,5
和,579
和丰,15
和平区,2
和康,1
和解,1
咖啡,10
咨,7
咨询,29
咨询服务,5
咪咪,2
咱们,4
咱俩,1
咱先,2
品牌,5
哪,1
哲尚,21
哲思,15
哲瑞,2
唐,1
唐海,2
唐福水,1
售前,1
售房,1
售票,3
唯,1
唯一,4
唯派,2
商,5
商业,8
商业利益,3
商业机会,152
商业活动,1
商业秘密,5
商业行为,1
商业道德,1
商事,5
商人,10
商务,7
商务信息,4
商品,1
商品房,1
商定,1
商家,2
商店,1
商机,1
商标,3
商标权,2
商标注册,1
商用,1
商议,1
商谈,2
商贸,9
啊,1
啫喱,1
喵,16
喷涂,32
喷雾器,1
嗯,3
嘉兴,7
嘉兴市,2
嘉华,4
嘉定,2
嘉定区,5
嘉民二,2
嘛,1
器械,1
四,10
四个,10
四份,4
四位,1
四元,1
四十,2
四十一,1
四十八条,1
四千八百,1
四唯派,1
四家,1
四川,15
四川省,5
四年,2
四度,1
四是,2
四组,1
四除,1
回,1
回单,8
回复,2
回应,1
回扣,1
回执,2
回款,1
回答,1
回购,1
回避,1
因,104
因为,16
因任,1
因余,1
因余蕾,1
因华扬,1
因卡考,1
因向,1
因在,1
因夏菊芬,1
因山宇,1
因康,1
因张,1
因德远,1
因无,1
因易富,2
因晓元,1
因未,4
因林,1
因林华,1
因果关系,9
因案,3
因此,124
因温,2
因王阳发,1
因王阳胜,1
因私,2
因系,1
因素,17
因而,3
因肖,1
因证,1
因该,7
因谢芳,1
因霍,1
团队,4
园区,2
园融,1
困难,1
困难重重,1
围绕,11
固定,5
固定成本,2
固定资产,4
固有,3
国,10
国产,7
国内,6
国利,1
国务院,2
国华,5
国外,1
国宝,7
国家,3
国家税务局,1
国家税务总局,1
国心,1
国生,1
国籍,1
国贸,4
国金,8
国际,22
国际贸易,11
图尔克,8
土地,12
土地证,1
圣,3
圣唐,4
圣鲁,4
在,876
在于,17
在内,9
在场,2
在外,1
在晓元,1
在案,12
在此之前,3
在此期间,2
在炬烽,1
在职,8
在钧华,1
地,13
地专,1
地为,1
地位,8
地区,11
地址,19
地法,1
地点,4
地税,2
场内,2
场地,15
场所,6
均,191
均予,1
均会,1
均分,1
均系,5
均经,1
坐下,1
坐落于,2
坚持,3
垃圾袋,1
垫付,4
垫款,1
城兴,3
城市,3
城建,1
城镇,1
培训,4
培训中心,1
培诉争,1
培雅,1
基于,46
基准,9
基准价,1
基准利率,6
基准日,5
基地,1
基层,1
基拉,1
基数,11
基本,29
基本一致,7
基本前提,1
基本工资,1
基本相同,2
基本要素,1
基础,34
基金,13
基金业,5
塑胶制品,2
塔,12
填写,6
填补,3
境内,2
增值,6
增值税,8
增加,6
增大,1
增资,2
增进,1
增量,8
士防,1
声明,4
声称,1
处,37
处于,8
处分权,2
处均,2
处境,1
处所,1
处有,2
处洪谦,1
处理,60
处理结果,4
处罚金,2
处置,5
备案,9
备注,1
复华,2
复印,1
复印件,9
复原,1
复合材料,1
复杂,2
复杂性,1
复核,1
夏菊芬,3
外,35
外余,1
外双,1
外商投资,1
外因,1
外国,1
外国人,1
外均,1
外张,1
外文,2
外文书,2
外方,1
外聘,1
外观设计,2
外部,2
外面,2
多,16
多万元,1
多个,1
多付,1
多份,2
多余,1
多处,2
多家,1
多少,4
多数,4
多样性,1
多次,9
多种多样,1
多重,1
多项,1
大,55
大中华,5
大中华区,4
大于,3
大众,1
大会决议,1
大体,1
大公,5
大华,6
大厦,5
大小,2
大山,1
大幅,1
大庭,2
大拇指,1
大榭,33
大润佳华,1
大类,1
大约,2
大道,1
大部分,2
大量,7
大陆,7
大额,1
天亿飞,4
天向,2
天地,2
天天,26
天府,1
天恩,5
天成,2
天津,33
天津市,4
天津港,3
天缘,5
天辰,2
天邻,1
天鹏,4
太,1
太合,1
太和,1
夫人,1
夫妇,4
夫妻,4
夫妻关系,6
失信,1
失去,1
失当,1
失误,1
奇点,21
奇珠,7
奎光路,2
契合,1
契约,4
奖金,8
套,1
套餐,6
奥,2
奥吉娜,16
奥尔古,2
女,3
女儿,2
女儿国,2
女婿,1
奶粉,2
好,8
好不好,1
好处费,1
如,130
如上所述,4
如下,236
如仅,2
如何,18
如前所述,4
如实,1
如晋宇,1
如未,3
如果,36
如此,1
如湘力,1
如若,3
如需,1
妖怪,8
妥当,3
妨害,3
妹于,1
妻,1
妻子,10
妻易,1
始终,2
姓名,1
委任,3
委员会,4
委托,67
委托书,3
委托事项,1
委托人,2
委托合同,3
委托方,1
委派,5
姚强,3
姜峰,6
姜晓艳,5
姜晓艳系,1
姻亲,1
威思拓,33
威海市,3
娟,1
婚姻关系,2
婚姻法,2
婚礼,1
婴幼儿,8
婴童,31
媒体,6
嫌然,1
嫌疑,3
子公司,12
孔祥臣,5
字,20
字条,1
字样,3
字迹,1
字面上,1
存储,9
存入,3
存在,221
存放,2
存有,4
存根,1
存档,1
存款,2
存疑,4
存续,4
存货,1
孙宏禹,1
孙峰,1
孙茂才,4
季匡文,1
季步,24
孤证,1
学,3
学习,1
学兵,2
学员,6
学堂,6
学校,2
学费,1
宁波,33
宁波市,3
宁特,2
它,3
宇,15
宇宙,6
守信,1
安全,1
安全部,2
安富伟,2
安徽,2
安徽省,2
安投,1
安排,8
安泰,4
安泱,4
安置,3
安装,5
安诺,7
宋,15
宋成,2
宋立荣,1
完全,16
完全一致,7
完全相同,3
完善,1
完工,1
完成,34
完整,4
完整性,1
完毕,3
官方,1
定,6
定义,1
定做,1
定因,1
定型,2
定性,3
定案,1
定金,1
宜在,1
宜新,1
宝,5
宝斯乐,52
宝鸡,7
实,1
实业,40
实为,1
实体,14
实则,2
实力,1
实务,1
实只,1
实在,1
实地,1
实报实销,3
实收,2
实施,60
实施方案,1
实施细则,6
实现,6
实用新型,5
实行,2
实质,14
实质性,3
实践,5
实际,173
实际上,5
实际意义,1
实际操作,1
实际收入,1
实验室,5
审判,6
审判权,1
审判程序,1
审批,21
审批权,1
审查,39
审核,15
审理,59
审计,36
审计报告,18
审计费,2
审议,2
审限,1
客,17
客户,46
客户资源,1
客观,13
客观事实,9
客观存在,2
客观性,5
客观情况,1
宣传,16
宣传册,1
宣传材料,2
室,5
室外,1
宪法,1
家属,1
家族,1
家纺,1
宽,12
宽塔,34
宽带,1
宾,1
宿迁市,3
密函,1
富,2
富士康,2
富江,1
察觉,1
对,576
对乐辉,1
对于,173
对付,1
对以,1
对价,5
对信,1
对公,1
对兴港,1
对内,2
对冲,2
对华,1
对卡考,2
对原,2
对国金,1
对外,36
对天,1
对安泱,1
对山宇,2
对应,9
对康,1
对德盾,2
对德远,2
对抗,2
对方,126
对明州,3
对晟睿,1
对普,1
对本,1
对朵,1
对案,1
对此,90
对比,3
对永疆,1
对法,1
对津陵,4
对洪谦,1
对温,1
对瑞,2
对睿信,1
对石,1
对称,1
对系,1
对经,1
对联,7
对话,2
对该,1
对象,13
对赛,1
对鑫华,1
对镇魂,1
对鲁,1
寻找,1
寻求,1
导出,3
导演,2
导致,19
将,160
将会,8
将德盾,1
将浦,1
小,5
小于,1
小企业,2
小区,2
小型,1
小宝,1
小微,1
小气泡,1
小波姐,1
小牛,1
小额,1
少,2
少儿,1
少向,1
尔后,1
尚,9
尚在津陵,2
尚慧,10
尚无,1
尚有,2
尚有微,1
尚未,6
尚诚,1
尚达,1
尤,1
尤尼泰,7
就,106
就业,1
就任,6
就是,10
就是指,3
就此,11
就经,2
就要,1
尽,2
尽快,3
尽管,2
尽职,1
尽职尽责,2
尽量,2
尾号,5
尾页,1
层,2
层级,2
层面,2
居,66
居住,1
居民,6
居间,30
居间人,2
届时,2
届满,10
展示,2
展览,2
属,11
属于,222
属实,3
属纯,2
履约,6
履职,10
履行,170
履行义务,1
履行合同,3
履行职责,4
山,25
山东,21
山东省,4
山宇,43
岗,2
岗位,2
岗位职责,1
岛,28
岩代山宇,1
岱岳区,1
崇,4
崔杰,2
崔桦,11
崔桦诉,1
川师大,1
工业,3
工业区,1
工业气体,3
工人,5
工人工资,2
工作,72
工作人员,13
工作室,25
工作岗位,8
工作证,1
工作量,2
工商,20
工商局,2
工商登记,34
工商行政,4
工商行政管理局,3
工商部门,3
工程,12
工程施工,2
工程机械,2
工程款,9
工程设计,1
工程项目,1
工资,49
工资单,3
工资收入,13
工资标准,1
工资表,7
左右,3
巨大,2
巨额,1
巨龙,19
差,1
差价,6
差别,1
差异,6
差旅费,6
差额,6
己方,1
巴山,8
巴蜀,1
市,1
市区,1
市场,12
市场监管,2
市场竞争,1
市心,2
市政,10
师,1
师斌,1
师范大学,1
希望,1
希辉,1
帐号,2
帘,5
帝邦,12
带有,1
带来,1
带领,1
帮助,3
常务,3
常州市,1
常熟市,8
常理,5
常见,1
常识,3
幢,4
干什么,1
干涉,2
平原,1
平台,16
平均,8
平均利润,2
平均工资,2
平均收入,1
平时,3
平湖市,1
平等,1
平行,7
平衡,5
平账,1
平面设计,1
年,690
年会,1
年初,1
年底,7
年度,28
年息,1
年收入,1
年时,1
年月日,2
年检,3
年租金,1
年系,1
年终奖,5
并,484
并不相同,2
并于,4
并任,1
并无不当,48
并未,83
并称,1
并非,73
广东,23
广东省,13
广告,6
广告业务,3
广告公司,3
广场,4
广州,34
广州市,30
广州市中级人民法院,3
广汇,1
广泛,1
广苑,1
广西,12
广西壮族自治区,1
床上用品,1
序号,1
库存,3
库存现金,1
库房,5
应,166
应为,15
应予,84
应予以,7
应于,14
应交,1
应从,8
应付,4
应付款,3
应以,6
应受,3
应向,1
应否,8
应对,14
应尽,1
应归,15
应归原,1
应归康,1
应归艺,1
应当,371
应得,1
应急,1
应持,1
应收款,1
应有,2
应某,1
应案,1
应用服务,2
应由,16
应由游江,1
应税,1
应系,1
应系乐辉,1
应纳,2
应经,2
应该,8
应较,2
底,1
底商,1
店,2
店内,1
庞一华,1
废液,10
度,1
度房,1
座谈会,1
庭后,1
庭审,18
康,101
康德,1
康桂芬,1
廊,1
廊坊,50
廊坊市,3
延伸,1
延宕,1
延续,4
延长,2
建商,1
建文,1
建材装饰,1
建科,2
建立,7
建筑,3
建筑工程,1
建筑物,1
建筑面积,1
建议,6
建设,7
建设工程,3
建设银行,1
建邺区,1
开,2
开业,2
开会讨论,2
开元,1
开具,10
开利,2
开办,5
开发,25
开发人员,1
开发区,11
开发商,2
开发票,4
开国,1
开始,10
开展,29
开展业务,6
开庭,9
开开,1
开户,2
开户行,1
开户银行,1
开支,2
开票,8
开立,8
开设,9
异常,5
异议,28
弃哲尚,1
弄,4
式,1
式样,1
引发,5
引用,2
引起,2
张,35
张丽娟,1
张伟,3
张俊,23
张俊会,1
张俊所称,1
张俊称,1
张俊红,2
张俊自,1
张友明,1
张家港,3
张平,1
张彤彤系,1
张戟,1
张旭,9
张月萍,1
张毓栋,5
张玲瑜,1
张玲瑜瑞,1
张玲瑜系,1
张琳,2
张盛玉,1
张磊,2
张立文,3
张群,12
张聿超,1
张虹,2
张衍国,1
张雷,18
张雷于,1
张韦,2
弥补,11
强制,6
强制性,5
强制执行,3
强德,8
强调,1
归,99
归中艺,2
归为己,6
归乐辉,3
归于,3
归入,175
归华清,1
归原,1
归天,3
归属,5
归明州,2
归浩迈,1
归环康,1
归纳,1
归纳如下,1
归艺,1
归苏博,1
归责,2
归还,19
归鑫华,4
当,13
当中,1
当事人,246
当代,4
当初,2
当天,1
当年,1
当年度,1
当庭,2
当日,4
当时,13
当然,7
当选,1
录音,3
形式,27
形成,39
彩信,3
彬,1
彭,2
影业,2
影响,15
影响力,4
影视剧,1
影视文化,1
彼此,1
往往,4
往来,26
征得,3
征收,1
待,1
待证,4
待遇,3
很,2
很大,1
很快,1
很难,1
律师,23
律师函,1
律师费,5
律秀彦,2
徐卉,3
徐可,1
徐可培,20
徐可培为,1
徐可培未,1
徐宁,1
徐宁古,11
徐海,3
徕,1
得,13
得以,1
得出,18
得出结论,1
得利,1
得到,7
得当,1
得知,2
御居乐,2
微,1
微信,31
微信群,2
微压,2
德,12
德于,1
德力西,1
德商,6
德州市,1
德时,3
德欧,1
德益,21
德盾,24
德章,25
德远,30
心,16
心心,1
心理,1
心系,1
心限,1
必然,8
必然联系,1
必要,11
必要条件,1
必须,33
志军,1
志凯,4
志秋洪谦,2
忠于,1
忠实,209
忠诚,7
快聚,2
快递,1
快速,2
忽略,1
怀疑,1
怕,1
思为,9
思永,10
思路,1
急事,1
急办,1
性,1
性卡考,1
性现,1
性行为,1
性质,15
总,15
总体,3
总公司,6
总函,1
总则,3
总和,1
总好,1
总实,1
总收入,2
总是,1
总监,12
总经理,105
总结,3
总裁,2
总计,2
总部,3
总金额,5
总额,3
总额近,1
恒云太,5
恒宇,1
恒安,2
恩为,11
恩斯特,3
恩桥,2
恪尽职守,1
恰恰,1
恳请,1
恶意,10
恺,1
悉开,5
悖,1
悠疆,36
您,7
悬挂,1
悬浮,2
情况,172
情况紧急,9
情况表,2
情形,70
情绪,1
情节,1
惠州市,2
惩戒,2
惩罚,3
惯例,1
想,1
意义,6
意向,3
意向书,1
意味着,1
意图,1
意志,6
意思,20
意愿,2
意见,46
意见书,1
意识,2
感兴趣我,1
愿,2
愿受,1
愿意,3
慎用,1
戎,1
成,1
成为,12
成交,8
成功,1
成员,11
成套设备,1
成就,1
成本,56
成本费用,1
成果,1
成武,79
成立,208
成都,18
成都地区,1
成都市,8
我,30
我们,8
我司,1
我国,40
我市,1
我思为,1
或,137
或津陵,1
或经,1
或者,468
或者说,1
或许,2
战蕾,2
截取,1
截图,7
截止,7
截留,1
截至,12
户,3
户籍,1
房,1
房产,4
房产证,1
房地产,5
房屋,18
房租,1
所,235
所举,3
所以,9
所任,2
所作,1
所作所为,1
所在,1
所在国,4
所在地,4
所处,1
所得,158
所得税,8
所得税法,1
所得额,2
所持,1
所指,3
所提,1
所有,161
所有人,2
所有权,6
所有者,2
所标,1
所涉,10
所用,1
所称,2
所签,5
所系,1
所致,1
所获,3
所补,1
所诉,2
所说,5
所谓,5
所负,1
所载,1
所述,6
手册,1
手写,1
手机,5
手段,2
手续,12
手续费,2
才,17
才能,5
打,1
打分,1
打印,5
扣减,1
扣留,1
扣缴,1
扣除,22
执行,156
扩大,1
扩股,2
扫黑,1
扬,2
扬智,9
扬智嘉达,2
批准,14
批准逮捕,1
批发,10
批表,1
找,2
找到,1
承包,10
承包人,2
承包方,1
承包期,2
承包经营,6
承发包,1
承建方,2
承当,1
承担,282
承担责任,19
承接,7
承揽,1
承租,2
承租人,4
承认,3
承诺,6
承诺书,3
承诺函,2
技术,50
技术咨询,4
技术开发,12
技术开发区,2
技术转让,2
抄送,1
把,10
把持,3
抑或,2
投入,3
投标,2
投票,1
投资,182
投资人,3
投资总额,1
投资收益,7
投资方,2
投资规模,1
抗辩,45
折,34
折中,1
折为,10
折应,8
折扣,24
折数,3
折旧费,4
折金徕,1
抛物线,2
抢占,1
抢夺,2
报,1
报上,2
报以,1
报价,8
报准,8
报告,25
报告书,1
报备,2
报批,1
报案,1
报系,1
报纸,2
报经,2
报表,1
报请,1
报酬,13
报销,34
披露,22
抬头,1
抵,1
抵押,2
抵销,2
押金,6
担任,152
担保,8
担保法,1
担保费,1
担负,2
担责,1
拉尔,13
拉萨市,5
拉走,1
拍,2
拍卖,5
拍卖成交,4
拒,6
拒绝,15
拓展,3
拖延,1
拖欠,1
拘束力,2
拘留,1
招商,1
招投标,1
招拍,4
招聘,2
招股,1
拜金,1
拟,4
拟制,2
拟定,1
拟订,8
拥有,7
持,3
持异议,5
持有,65
持有人,1
持有异议,1
持章,1
持续,7
持续性,1
持股,24
持股数,1
挂,8
挂名,1
挂靠,1
指,39
指令,4
指使,5
指出,4
指卡考,1
指向,2
指定,35
指小杰,1
指恒云,1
指挥部,1
指控,4
指本,1
指标,2
指派,1
指示,2
按,147
按乐辉,1
按原,1
按山宇,1
按招,2
按摩,1
按时,1
按本,19
按此,1
按照,79
挪,2
挪用,20
挪用资金,4
损失,200
损失赔偿,7
损害,234
损害赔偿,33
损益表,1
损耗,1
换,1
据,6
据为己有,1
据实,1
据此,54
据说,1
授予,4
授意,1
授权,16
授权书,1
授权代表,1
掌控,1
掌握,13
掌管,2
排他性,2
排斥,1
排除,11
探伤,2
接到,1
接受,11
接近,2
控,1
控制,52
控制力,2
控制权,2
控告,1
控股,24
控股公司,6
推举,1
推卸责任,1
推定,9
推广,8
推广应用,1
推断,2
推断出,2
推算,1
推翻,8
推论,1
推诿,1
措施,2
描述,6
提举,2
提交,173
提供,275
提供线索,1
提出,182
提出异议,12
提出诉讼,2
提到,3
提前,3
提升,2
提及,3
提取,6
提名,2
提审,1
提心,3
提成,2
提炼,1
提示,1
提议,1
提请,8
提货,2
提起,165
提过,1
提醒,1
提高,2
插手,1
援引,1
搬离,1
搬迁,3
摇号,1
摘要,1
撤回,15
撤销,25
擅自,23
操作,2
操作系统,4
擎天,6
攀雀,1
攫取,3
支付,229
支付宝,2
支出,58
支出费用,1
支取,7
支持,195
支撑,1
支款,1
支票,1
支行,2
支队,1
收,1
收付,1
收入,296
收到,29
收取,46
收受,3
收受贿赂,7
收回,1
收寄,1
收归,2
收据,3
收支,4
收支平衡,2
收款,13
收款人,1
收益,37
收益金,1
收盘价,1
收货,1
收货人,1
收购,4
收银,1
收集,1
改,6
改判,7
改变,2
改选,3
改造费,1
放假,1
放在,1
放弃,13
政府,5
政策,1
故,251
故一,1
故不受,1
故中,1
故乐辉,3
故二,1
故亭卫,1
故仅,2
故以,1
故俪领,1
故倪,2
故可,2
故周,2
故四,1
故宋,1
故宽塔,2
故对,20
故对乐辉,1
故应,4
故张,1
故德远,2
故悠疆,1
故意,5
故明州,3
故朵,1
故李,2
故法,1
故洪谦,2
故润蕾,1
故湘力,1
故王,1
故王玲,2
故现,1
故申盾,1
故畅,1
故盛军,1
故老酷,1
故而,2
故该,5
故谢勇,1
故赛,1
故马艳,1
效力,13
效率,1
效益,2
救济,8
教授,1
教育,8
敬鲁,1
敬鲁对,1
数,1
数个,1
数份,1
数十,1
数在,1
数字,24
数据,21
数据处理,1
数控,1
数林,3
数次,2
数罪并罚,1
数量,2
数额,68
整个,2
整体,2
文中,2
文义,1
文书,3
文件,17
文件夹,1
文但,1
文化,13
文化传媒,20
文化用品,2
文四人,1
文本,4
文档,2
文汇,1
文系眭蓓蓓,1
斯乐,2
斯特,2
斯达威,1
新,52
新七,2
新世界,1
新代,4
新任,1
新加坡,5
新城,15
新岩,2
新月,29
新法,1
新港,1
新疆,3
新疆生产建设兵团,1
新能源,1
新路,2
新进,2
新闻,2
新闻宣传,1
新鼎,1
方,5
方与,1
方为,1
方但,1
方便,1
方可,5
方宜,5
方将,1
方式,48
方根,3
方案,11
方法,7
方派华,1
方面,11
施工,1
旅游,5
旅行社,4
无,94
无不,4
无为,8
无从,3
无偿,4
无关,14
无对价,3
无异议,48
无形资产,5
无所谓,1
无效,16
无新,1
无权,13
无法,68
无法说明,1
无涉,1
无理,2
无论,7
无论是,3
无证据,22
无误,1
无锡,7
无锡市,2
无需,7
无须,1
既,20
既有,1
既然,2
日,334
日一亚,2
日东,1
日中,1
日为,3
日付斌,1
日以,3
日住,2
日内,3
日分,3
日创,1
日前,11
日即,3
日及,2
日后,2
日向,8
日向丽仁,1
日大榭,3
日山宇,5
日常,7
日常生活,2
日康,1
日张,2
日才,5
日日,14
日明州,1
日易淳,1
日普,1
日期,8
日本,2
日朵,1
日止,6
日沸鸣,1
日津陵,1
日洪谦,5
日派华,3
日照市,1
日爱街,1
日生,3
日用,3
日用品,4
日用百货,4
日由张,1
日秦,1
日系,1
日肖,3
日至,29
日若,1
日蓝怡,1
日行,1
日记,4
日记账,1
日该,6
日起,19
日金,1
日金徕,1
日间,1
旦旦,21
旧法,1
旨在,4
早,8
早就,1
时,104
时一是,1
时代,3
时以,2
时俪领,1
时候,1
时先,1
时即,2
时叶军,1
时合,2
时向,1
时启维,1
时大榭,1
时应,1
时效,13
时是,1
时期,1
时未,1
时树,5
时洪谦,1
时洪谦是,1
时系,3
时至,1
时该,1
时起,3
时起算,2
时过,1
时间,65
时间段,9
时限,1
昆山,1
昆明,5
昆明市,3
昊,6
昌安,24
昌海福江,2
明,21
明于,1
明即,1
明天,1
明对,1
明州,108
明康,1
明文规定,2
明明,1
明显,14
明显降低,1
明智,6
明知,11
明确,61
明确提出,1
明确规定,12
明示,1
明福,7
明细,14
明细表,5
易,1
易富,9
易淳,1
易立,2
易芳,16
易芳于,1
易芳应,1
星代,4
春义,15
春天,1
春秋,1
春秋时代,1
春霞,2
昨天,1
是,423
是从,5
是否,265
是否是,7
是因为,4
是现,1
显,1
显然,13
显示,59
显著,1
晋宇,19
晓元,2
晓洁,1
晖,15
晚于,1
晟,21
普惠三航,1
普提,1
普提心,8
普旭,4
普民三,2
普通,6
普通员工,1
普陀,4
普陀区,2
智,1
智慧,17
智美,6
智能,10
暂不作,1
暂停,1
暂定,2
暂时,1
暂行规定,1
暂计,2
暗示,1
暨,1
曲敬鲁,7
曲敬鲁向,1
更,6
更具,2
更名,1
更有甚者,1
更正,1
更高,1
更高故,1
曹,10
曹友荣,15
曹孝哲,17
曹孝哲为,2
曹孝哲系,2
曹孝哲经,1
曾,27
曾为,1
曾于,1
曾以,1
曾经,4
替,1
替代,1
最,6
最低,2
最佳,1
最初,4
最后,13
最大,4
最新,1
最终,13
最高,5
最高人民法院,69
月,655
月份,5
月工资,4
月底,4
月津陵,1
月租费,3
月租金,1
月经,1
有,282
有三一,1
有事,1
有些,2
有住,8
有何,1
有余,1
有关,40
有力,1
有序,1
有悖,3
有所,4
有所增加,1
有损,1
有据,4
有据可查,1
有效,22
有效性,1
有效期,4
有无,11
有期徒刑,3
有权,52
有没有,2
有浦,1
有理,1
有误,8
有违,1
有鉴于此,1
有限,1
有限公司,508
有限责任,75
有靓点,1
服,1
服从,1
服判本,1
服务,47
服务中心,2
服务商,1
服务行业,1
服务费,3
服装,5
服饰,10
朕,10
朗易,15
朝田,23
朝阳,4
期,1
期从,1
期初余额,1
期待,2
期末余额,1
期满,7
期间,262
期限,20
期限内,4
未,212
未予,6
未付,4
未作,4
未向,2
未尽,3
未尽事宜,1
未必,1
未提,1
未曾,2
未有,5
未果,1
未登记,1
未经,125
未能,47
未见,1
未见浦,1
未设,1
未说明,1
未过,4
本,296
本人,15
本合同,4
本地,1
本应案,1
本息,3
本意,1
本条,3
本案,466
本次,10
本法,19
本着,2
本职工作,2
本诉,3
本质,3
本身,11
本金,10
本院,694
本院认为,1
本项,1
朱,7
朱云丽,2
朱国惠为,1
朱幼滨,6
朱幼滨系,1
朱志晖,5
朱志晖系,2
朱文,22
朱松,3
朱松系件,1
朱艳芳,1
朵,11
机会,3
机关,16
机制,1
机动车,1
机器,1
机器设备,1
机构,8
机械,2
机械设备,5
机由眭蓓蓓,1
机电,25
机电产品,1
机电设备,3
机读,1
机车,1
杂志,1
杂货,3
权,108
权不以,1
权为,2
权主,1
权之,1
权之争,1
权之诉,7
权二是,1
权于,1
权利,90
权利义务,7
权力,3
权即,1
权及,2
权向,1
权因,3
权在,1
权外,1
权将,1
权应,1
权思为,1
权故,5
权新,1
权是,4
权李,1
权益,15
权等,1
权系,3
权而,1
权衡,1
权该,1
权责,1
权辰,1
权限,7
权需,1
杉杉,43
李,45
李京,1
李佳,4
李佳怡,1
李元,13
李光园,1
李凤琼,5
李凯,17
李勤夫,2
李向阳,14
李启君,2
李娜,1
李子,1
李家,11
李岩,8
李建,3
李建全,12
李志平,4
李慧玲,19
李慧玲于,1
李慧玲现,1
李文清,2
李方庆,1
李旺,1
李星谢,1
李晓荣,2
李杰,1
李杰妹,15
李某,3
李梦强,2
李洪健系,1
李海伟,3
李碚,26
李碚于,1
李碚应,1
李碚系,1
李秀英,5
李秋生,17
李老师,3
李胜军,1
李金,3
李金友,20
李金辉,55
李鑫,4
李隽,1
李雪峰,8
材料,52
杜冰洁,2
条,14
条件,25
条例,1
条所,1
条文,2
条款,33
条约,3
来,12
来函,1
来往,3
来源,3
来源于,6
来看,30
来聊天,1
来自,1
来说,1
杨,2
杨丽,1
杨于,1
杨仕,2
杨仕权,18
杨占股,1
杨志凌顾,2
杨志勇,1
杨振岐,3
杨文智,1
杨文智处,1
杨旭,5
杨景成,1
杨民二初,3
杨浦区,1
杨海艳,5
杨玉平,1
杨罗生,1
杨衡,32
杨衡代,1
杭州,2
杭州市,3
杭州市中级人民法院,2
松民二,1
松民二初,1
松江区,6
松石,1
板块,1
极致,3
构成,67
构成犯罪,1
林,18
林华,2
林高坤,5
林高坤系,1
架构,4
架构图,1
柏林,1
某,62
某一,1
某个,1
某些,1
某国,1
某某,32
某识,1
某项,1
查,3
查明,39
查看,1
查证,1
查话,1
查询,8
查阅,1
查验,1
柯克,1
柯渡,1
柳洋,1
柳青,3
柴国发,2
标,10
标书,1
标但,1
标准,23
标注,1
标识,1
栋,3
树家,1
校园,1
校长,4
核准,2
核减,1
核定,5
核实,14
核实验,1
核对,16
核心,4
核算,4
核算成本,4
核销,1
根,2
根及,1
根据,229
根据上述,5
根本,4
根本原因,1
根本无法,1
根生,12
格因,1
格奇,1
格达,6
桂真,1
桂绍立,1
框架,5
案,6
案一审,6
案二审,19
案件,284
案号,2
案外人,38
案庭审,1
案情,1
案涉,46
案由,14
桑霞,3
档案,8
桥,5
梁佳,2
梁国,8
梁好,2
梁安,4
梁庆,1
梁庆平,4
梁氏,1
梅州,1
梦想,1
检查,2
检测,15
检讨书,3
棋类,2
楼盘,1
概念,2
概括,1
榭,1
樊,2
模具,2
模式,4
樵,1
欠,1
欠妥,3
欠本,1
欠款,1
欠缴,1
欠缺,1
次,33
次因,1
次奇珠,1
次山宇,1
次日,4
次明州,1
次案,1
次洪谦,1
次省,1
次金徕,1
欣导,1
欧米,6
欧索,2
欧翠,2
欲,3
款,41
款仅,1
款则,1
款处,1
款故,1
款项,100
歇业,1
止,1
止损,1
正副,1
正如,1
正常,24
正式,5
正式版,1
正当,3
正当性,2
正当理由,5
正当程序,1
正当竞争,2
正是,1
正泰,3
正确,46
正确处理,1
正职,1
正街,1
此,32
此一亚,1
此人,1
此前,5
此后,8
此因,1
此基础,1
此外,12
此时,2
此案,1
此次,2
此款,2
此法,1
此类,2
此金,2
此项,2
武汉,7
武汉市,8
歪曲事实,1
死亡,1
段文彬,3
殷泰,2
母亲,2
母公司,5
母子公司,1
每个,8
每半年,1
每名,2
每届,2
每年,3
每月,7
每股,2
比,6
比例,18
比利,4
比原,1
比如,3
比较,2
毕,1
毛越,4
民事,193
民事判决,14
民事权利,2
民事案件,2
民事法律,3
民事行为,1
民事裁定,4
民事诉讼,31
民事责任,6
民初,27
民商,1
民四终,1
民心,1
民意测验,1
民意调查,1
民法,4
民法通则,1
民终,2
民诉法,1
气动,1
气压,2
氧,3
氧舱,2
水合,16
水平,1
水生,14
水电,1
水电费,2
永,1
永不,1
永信瑞,2
永康,1
永恩力合,1
永明,1
永生,11
永疆,21
求,2
汇,1
汇亚,1
汇入,8
汇划,1
汇总,2
汇报,1
汇报工作,3
汇桥,1
汇款,5
汇款单,1
汇荣路,1
汇诚,1
汇馆,1
汉族,4
汉津,1
汗,1
江南,1
江苏,32
江苏省,16
江西,3
江西省,1
江阳,11
汤育明,1
汪佑魁,7
汪晓刚,2
汪汪,8
汪海兵,8
汪淳莉,2
汽贸,3
汽车,15
汽车修理,2
汽车配件,2
汽车饰品,2
沈,2
沈中民三终,2
沈和民三初,2
沈和连,2
沈某,1
沈阳,56
沈阳市,8
沐,3
沙坪坝区,1
沙法,2
沟通,3
没,2
没有,155
没签,1
没能,1
沧州市,1
沪,11
河北,4
河北省,3
河南,9
河南省,2
沸鸣,4
油,1
油画,4
治理,4
沿兴路,1
沿江,1
泉,3
法,7
法人,15
法人地位,1
法人资格,3
法件,2
法则,3
法制,1
法务,5
法务部,2
法博洋,17
法官,3
法定,35
法定人数,3
法定代表,122
法定程序,4
法将,1
法庭,2
法律,267
法律依据,79
法律效力,9
法律文书,2
法律法规,8
法律责任,9
法有,2
法条,2
法案,1
法沃,4
法益,1
法芮,3
法规,79
法院,149
泛洋,2
泛维,5
波动,1
注册,17
注册地,2
注册资本,3
注册资金,4
注意,6
注明,3
注销,19
泰,2
泰威,3
泰安市,1
泰江裕昌,2
泵,1
洁,26
洁乐特,5
洋,2
洋周,1
洋周冰,2
洗尘,1
洛阳,7
津,1
津贴,1
津陵,34
洪涛,22
洪谦,91
洪谦为,1
洪谦于,1
洪谦以,2
洪谦去,1
洪谦向,2
洪谦对,3
洪谦所,1
洪谦是,4
洪谦欲,2
洪谦自,2
洪谦要,1
洪谦诉,2
活动,38
洽谈,3
派出机构,1
派华,118
派生,2
流向,2
流失,2
流水,11
流水线,36
流程,7
流通,4
济南,3
济南市,1
济商,3
济宁市,1
浙,2
浙江,21
浙江省,14
浦民二,1
浦飞尔,43
浩,1
浩迈,16
海与丽仁,1
海丽仁,1
海于,1
海华红兰,1
海向,1
海富,3
海格,1
海波,2
海涛,17
海润,1
海航,2
海运,2
海龙,19
涂料,1
消毒,1
消毒水,1
消灭,4
消耗,1
消防,4
消防产品,4
消除,1
涉,11
涉及,32
涉外,8
涉嫌,7
涉案,32
涉诉,3
润蕾,2
润蕾云服,2
润谦,4
液,1
液压,36
涵盖,4
淘,3
淘宝,1
淘米,2
淮石,1
深,1
深圳,7
深圳市,10
深圳市中级人民法院,4
混合,4
混同,5
清,7
清以,1
清偿,2
清偿债务,2
清单,6
清向,1
清案,1
清楚,7
清洁,2
清理,1
清盘,1
清算,15
渊源,1
渝中区,1
渝北区,5
温,3
温州市,12
港北区,1
港航,1
游昌胜,2
游江,2
湖北,5
湖北省,3
湖南,8
湖南省,1
湘力,2
湜,2
源于,4
源天,4
溢价,1
溢出,1
滞纳金,2
满族,2
满足,5
滥用,17
滥用职权,2
滨,9
滨江区,1
滨泰威,1
滨海新区,1
滨该,1
漫趣,2
潘丽霞,2
潘峰,10
潘晓梅,1
潘晓福,7
潘晓福仇,2
潘晓福任,1
潘晓福众,1
潘晓福现,1
潘玉华,40
潘玉华于,1
潘玉华未,1
潘玉华犯,3
潘玉华系津陵,2
潘玉华经,1
潜在,1
火,6
火腿,1
火车票,1
灭失,1
炉灶,1
炫众,1
炬,2
点,1
点及,1
烟台,4
热点,17
烽,2
焜,2
焦点,105
然后,5
然在,1
然而,4
然黄,1
煤炭,2
照片,2
熔炼,1
熙,7
熟悉,1
爱,21
爱彼思,7
爱街,5
爱迪士,3
父亲,2
版本,1
牌价,7
牛,4
牟利,1
牟取,2
牟虹,9
牟虹系,1
物,2
物业,3
物业管理,5
物品,2
物权,1
物权法,1
物流,5
物流配送,4
物给,1
物资,1
物资公司,1
牵强附会,1
牵连,1
特,12
特别,9
特定,11
特定条件,1
特征,3
特效,17
特殊,13
特殊性,2
特点,1
特许,1
犯虚,2
状况,8
状态,9
独包,1
独家,5
独家代理,2
独立,17
独立性,1
独立核算,1
独立自主,1
独自,1
独资,6
猜测,1
玉兰,12
玉林,2
玉花,1
王,3
王世渝,2
王予,1
王仁,11
王仁繁,16
王伟,2
王光村,14
王凌裕,1
王培,10
王士,1
王士防,1
王宗宏,13
王宗宏如,1
王宗宏应,1
王岩,2
王希光,5
王平,7
王忠,5
王忠为,1
王新岩,34
王晓东,1
王晓冬,2
王晓冬于,1
王晓冬应,1
王晓宾,15
王晓明,9
王林辉,6
王某,5
王树玲,12
王树玲鑫,1
王玲,8
王琳琳,2
王琳琳佰利诺,1
王祥,1
王英,12
王远生,3
王阳,1
王阳发,3
王阳胜,4
王韧磊,1
玖度,7
玛,17
玩具,4
环保,15
环境,3
环境工程,4
环康,12
环翠区,1
环节,1
环评,2
现,26
现乐辉,1
现今,1
现从,1
现付,1
现代,2
现刘品,1
现加丹,1
现在,7
现大榭,1
现实,3
现实意义,1
现德远,1
现有,29
现案,1
现浦,1
现经,1
现老酷,1
现金,13
现金支付,1
现金流量,1
理优,8
理应,4
理涉,1
理由,72
理解,2
理论,1
琦,24
琳,1
瑕疵,4
瑞,11
瑞慈,2
瑞湾,5
瓷砖,3
甚至,2
生,4
生产,52
生住,1
生命权,1
生效,86
生效日,2
生源,1
生辉,28
用,8
用为,2
用于,28
用人单位,1
用以,18
用印,1
用品,4
用地,2
用字,1
用工,1
用智,2
用款,1
用章,5
用语,2
用费,1
用车,1
用途,3
甬,2
由,448
由于,25
由余,1
由及,1
由叶军,1
由大榭,1
由始至终,1
由山宇,1
由康,4
由张,1
由志凯,1
由朵,1
由此,7
由此可知,2
由此可见,3
由此可证,1
由津陵,3
由洪谦,1
由熙,1
由罗正明,1
甲乙双方,2
甲方,29
申,2
申字,1
申报,9
申报表,2
申根,14
申盾,8
申诉,1
申请,79
申请书,4
申请事项,1
申请人,6
申请单,3
申请表,2
申购,1
申达,4
电信,8
电信业务,3
电器,6
电子,18
电子产品,4
电子商务,4
电子科技,7
电子设备,1
电子邮件,12
电影,4
电影学院,1
电机,8
电梯,1
电汇,1
电池,8
电线,1
电线电缆,1
电脑,7
电视,1
电视剧,3
电解液,2
电话号码,1
电话费,1
电邮,1
电镀,8
男,3
畅,9
界定,10
留,2
留档,1
留给,1
疑问,2
登记,69
登记在册,1
登记手续,1
登记注册,3
登记表,2
登陆,2
白蛇传,2
白鹿原,9
百世,136
百分之一,11
百分之百,1
百度网,3
百福园,2
百货,5
皇朝,1
皓,1
盈亏,1
盈利,2
监事,236
监事会,50
监控,2
监督,5
盖然性,1
盖章,7
盘,2
盘点,4
盛世,48
盛军,4
盛励,2
盛睿,1
盛邦,1
盛骏,1
目,11
目为,1
目但,1
目前,15
目均,1
目故,1
目是,3
目有,4
目标,5
目次,1
直到,4
直属,1
直接,58
直接证明,3
直至,10
直观,3
相,13
相互,4
相互竞争,1
相似,1
相似性,2
相信,5
相关,141
相冲突,1
相反,18
相同,31
相同之处,1
相吻合,2
相对,3
相对性,3
相差,1
相应,116
相当于,2
相悖,5
相竞,1
相符,1
相近,6
相邻,1
盾,1
省高院,3
看,17
看二,1
看仅,1
看以,1
看出,8
看晟睿,1
看温,1
看看,1
看肖,1
真实,17
真实性,124
真实情况,2
真正,1
真空设备,5
眭蓓蓓,13
眭蓓蓓系,4
着,6
睡觉,1
睿,28
矛盾,6
知,4
知会,1
知悉,2
知情,5
知情权,1
知晓,13
知识产权,4
知该,1
知道,22
短,3
短期内,1
石,1
石坪桥,1
石小羽,13
矿业,6
矿业集团,1
研发,18
研征,7
研究,1
研究所,5
砥,3
砺石,6
确,3
确为,1
确保,4
确信,5
确切,1
确定,76
确实,20
确有,3
确未,1
确系,1
确认,154
确认书,6
确认函,2
磋商,1
社会,5
社会保险金,3
社会公众,1
社会公德,1
社保,6
祖,2
祖国,6
神形,5
神玥,5
神飞,1
祥和,1
票据,2
票面,1
票面额,1
禁止,24
禁止性,5
福公司,2
福州,2
福州市,1
福建,1
福建省,1
福法民,1
福清,1
福田区,2
福门业,2
离任,4
离婚,2
离开,5
离职,44
私人,1
私利,1
私募,12
私章,3
私自,8
种类,3
科,2
科传,43
科传外,1
科传间,1
科园,1
科学仪器,2
科工贸,2
科德,16
科技,99
科技园,2
科技股份,13
科技领域,1
科目,1
科贸,3
秘书,19
秘密,11
租给,1
租赁,66
租赁费,8
租金,35
秦,9
秩序,1
积极,1
称,46
称一,2
称为,1
称于,1
称双,1
称呼,1
称晋宇,1
称朗易,1
称浦,1
称系,1
称该,1
称除,1
移动,3
移民,6
移送,8
程序,29
程度,10
税,2
税前,1
税务,14
税务局,1
税务师,1
税务所,7
税后,2
税差,1
税帐,1
税款,5
税率,1
税票,1
税费,10
税金,5
稚趣,31
稳定剂,1
究竟,1
穷尽,2
空气压缩机,1
空白,2
空置,1
空调,4
空间,9
空饷,1
窃取,1
窗口,1
窦,1
窦伯英,5
立化,3
立即,12
立家,12
立式,1
立案,3
立案侦查,5
立法,6
站,1
竞业,31
竞业禁止,158
竞买,3
竞买人,2
竞争,39
竞争性,7
竞合,4
竞拍,3
竞赛,5
竟然,1
章,2
章法,1
章程,38
竣工,1
端木,8
竹溪,1
笔,1
笔录,24
笔数,1
笔记本电脑,2
笔误,1
笔迹,1
符合,64
符合事实,2
第,9
第一,3
第一项,33
第三,9
第之,1
第二,14
第二项,6
第十二,1
第项,30
等,183
等同于,2
等数,1
等经,1
等行,1
等额,1
答复,3
答辩,17
策划,5
策略,2
筹划,1
筹备,3
筹备工作,1
筹款,2
签,5
签上,1
签发,1
签合同,3
签名,20
签后,1
签字,34
签批,3
签收,7
签明州,1
签约,9
签约人,3
签署,40
签而,1
签订,104
签订协议,14
签订合同,17
签证,1
简会,18
简单,3
简历,1
简称,11
算,4
算现,2
管理,107
管理中心,1
管理人员,559
管理制度,9
管理员,3
管理局,1
管理层,1
管理工作,7
管理文件,1
管理方,1
管理机构,5
管理权,2
管理权限,2
管理混乱,2
管理者,2
管理费,4
管理费用,1
管理软件,1
管网,3
管辖,3
管辖权,3
管道,4
管邦,9
篡夺,3
簿,1
米,4
米娅,5
类,6
类似,6
类别,1
类型,5
粗略,1
粤,2
精准,1
精密,1
精密仪器,3
精密机械,2
精益,1
精神,2
精英,1
系,150
系一人,1
系为,8
系为华,1
系争,2
系以,4
系余,1
系俪领,1
系列,4
系列产品,2
系卡考,1
系受,1
系哲尚,1
系因,2
系在,2
系威思拓,3
系对,3
系山宇,2
系应,1
系归,1
系昊,1
系易富,2
系晋宇,1
系桑霞,2
系永疆,1
系泰威,1
系津陵,2
系派华,1
系浩迈,1
系涉,1
系游昌胜,2
系熙,1
系王,2
系由,1
系由眭蓓蓓,1
系畅,1
系盛,1
系童,1
系经,1
系统,6
系统集成,1
系肖,2
系艺,2
系莱,1
系虞夏萌,1
系补签,1
系该,2
系赛,1
系鑫华,1
索要,1
紧张,2
紫荆,2
紫金,3
累积,2
累计,7
繁为,3
繁举示,1
繁友,1
繁因,1
繁林薇,2
繁系,3
纠正,10
纠纷,86
纠纷案件,9
红兰向,1
红利,14
红外,1
红安,4
红旗,3
红霞,2
约,5
约定,96
约束,13
约束力,9
级别,3
纪要,1
纳,1
纳入,2
纳税,8
纳税人,2
纸业,1
线,2
线下,1
线索,1
组,1
组成,5
组织,27
组长,1
细故,1
细看,1
细细,1
细节,1
终审,6
终审判决,88
终止,15
终端,12
终端设备,1
终结,5
经,127
经与,1
经从,2
经以,1
经刘静,1
经受,1
经向,4
经审查,10
经对,3
经将,1
经手,2
经晖达,1
经查,3
经查明,1
经济,21
经济合同,1
经济往来,1
经济损失,16
经济犯罪,3
经济社会,1
经济纠纷,1
经理,112
经由,1
经纪,6
经营,384
经营不善,1
经营企业法,1
经营收入,3
经营权,10
经营者,3
经营范围,93
经营项目,11
经营风险,1
经贸,1
经过,20
经销,3
经问,1
经验,3
结合,62
结合实际,1
结婚,1
结束,5
结构,3
结果,18
结果显示,1
结清,1
结算,6
结论,15
给,165
给予,4
给付,30
给华清,1
给律秀彦亲,1
给志凯,2
给晖达,3
给晟睿,4
给浦,1
绝大部分,1
绝对权,2
统一安排,1
统筹,1
统计,7
统计数据,1
统计表,9
继受,1
继承人,1
继续,9
绩效,1
续延,1
续签,1
续约,1
维修,5
维修保养,1
维护,11
维持,59
维持原判,67
维权,1
综上,74
综上所述,61
综合,32
综合楼,1
绿宝,6
缓交,3
缔约,2
编号,5
编码,1
缜值,7
缴付,3
缴款,1
缴款单,1
缴税,3
缴纳,22
缴费,1
缺乏,71
缺少,3
缺席判决,1
罐头,1
罐头食品,2
网上,2
网店,3
网站,3
网络,11
网络科技,3
网络通信,3
网页,1
罕见,1
罗克峰,3
罗正明,3
罗青,1
罗青为,1
罗马,4
罚款,2
罚金,1
罢,1
罢免,3
罪,5
罪虚,1
置业,7
置放,1
署名,3
美,39
美国,3
美国康宁公司,7
美国移民,3
美娜,7
美术,7
美术设计,1
群,1
群内,1
群微信,1
羽丰,2
翻译,3
老婆,1
老师,3
老板,1
老酷,15
考,1
考察,6
考核,1
考绩,1
考虑,24
考量,9
者,2
而,192
而丽彤,2
而仅,1
而俪领,1
而后,1
而山宇,1
而应,2
而恩为,1
而成,1
而易富,1
而是,9
而朵,1
而济民三初,1
而言,17
而论,1
而靓点,1
耗费,1
聊,1
聊天,7
聊天记录,10
职,1
职业,1
职位,9
职务,239
职务侵占,3
职务侵占罪,3
职务工资,2
职务行为,6
职员,2
职工,6
职工工资,2
职思永,1
职权,56
职权范围,4
职能,2
职责,19
联上,6
联合,5
联名,2
联大,3
联系,4
联系人,1
联系方式,1
联线,1
联络,2
联达,22
联通,3
聘书,4
聘任,41
聘用,2
聚保,1
聚威,2
肆人,1
肉制品,2
肖,67
股,24
股东,421
股东会,211
股东大会,88
股价,2
股份,85
股份公司,8
股利,2
股对,1
股本,2
股权,107
股票,11
股系代持,1
股至,1
背信,1
背后,1
背景,3
胚胎,1
胜拓,6
胡同,1
胡登兰,1
胡立君,3
胡舟,5
胡远涛,5
胡逸能,3
胤,2
胶力尔,1
胶尔,5
能,8
能力,10
能否,7
能够,26
能源,20
腾云,27
腾讯,1
腾越,1
臣,2
自,58
自主,2
自主经营,1
自二,1
自任,2
自动,16
自动化,4
自助,15
自己,136
自我,3
自晋宇,1
自有,1
自本,1
自治,5
自然,2
自然人,17
自研征,1
自称,1
自营,107
自行,22
自觉,1
自认,13
自负盈亏,1
自身,12
自述,3
至,94
至于,21
至今,6
至少,1
致使,1
致信,3
致函,1
臻,1
航空,1
航铝,9
舱,4
船,2
船用,5
船票,1
良率,14
艳丽,3
艺和神形,7
艺术交流,3
艾芮菲,21
艾西,3
艾逛,1
节,1
节省,2
节能,4
节能产品,1
芜湖,2
芜湖市,3
芬,2
芬为,1
芬洪谦,2
芬洪谦是,1
芬项,2
花园,1
苏博,8
苏州,3
苏州市,8
苏慧,1
苏慧平,15
苏慧平系,1
苛责,2
若,16
若因,1
若干,37
若需,1
英国,2
范围,41
范畴,13
草签,2
荣于,2
药业,6
药品,2
药品监督管理局,2
药店,2
药房,41
药材,9
荷兰,1
莉莉,2
莫城,1
莱,2
获,3
获利,14
获取,32
获得,87
获益,4
获知,1
获选,1
获金,52
获金先,1
获金签,1
获金补,1
萝,4
营,2
营业,26
营业执照,11
营业额,1
营养食品,2
营收,4
营运,21
营销,1
营销策划,6
萧山,1
萧山区,3
落地,1
落实,2
落款,7
著作权,1
著作权人,1
葡萄酒,7
董事,569
董事会,113
董事长,29
董监,1
董若舟许,1
董高监,1
蒋希舟,15
蒋志税,11
蒋是,1
蒋某,2
蒋秀,29
蒋秀为,2
蒋秀于,1
蒋章铭,1
蒋蒙娟,9
蒙涛,6
蓝怡,4
蔡,7
蔡叶根,10
蔡曙中,3
蔡氏,1
薪资,3
薪酬,5
薪金,3
藏经,1
虚,1
虚假,5
虚开,1
虚报,1
虚拟,3
虚构,1
虞夏萌,5
虞山镇,1
虽,30
虽为,2
虽于,2
虽仅,1
虽以,2
虽刑民,1
虽对,1
虽未,4
虽然,67
虽系,3
虽较,1
虽非,1
蚂数,1
融券,1
融资,8
行,17
行业,8
行为,334
行为主体,2
行为人,10
行为能力,1
行为表现,1
行使,128
行使权力,1
行使职权,5
行动,1
行在,1
行政,84
行政部,2
行权,1
行监,1
街舞,3
街道,4
衡平,1
衡量,3
补偿,2
补偿款,2
补充,16
补充协议,14
补强,1
补签,2
补缴,1
表,21
表决,10
表决权,5
表只,1
表妹,36
表所,1
表明,23
表现,6
表用,1
表皮,1
表示,41
表等,1
表系,1
表肖,1
表达,1
表述,6
被,62
被上诉人,62
被丽彤,1
被告,1020
被告人,12
被告方,14
被害,1
被执行人,1
被申请人,14
被选为,1
裁决,2
裁判,8
裁定,66
裁定书,3
裁断,1
裁量,1
装修,2
装箱单,3
装饰,7
西,1
西北,1
西南,4
西宁,1
西宁市,1
西安,2
西湖,1
西路,1
西雅特,5
要,8
要件,17
要求,207
覃钏,7
覃钏是,1
覆盖,7
见,1
见见面,1
规则,7
规制,9
规定,1007
规律,1
规模较,2
规章,4
规范,11
视为,13
视为一体,1
视康,1
视臻,1
视觉,17
视角,11
视频,4
觉得,1
角度,6
角度看,1
角色,1
解,1
解决,10
解决办法,1
解决目前,1
解决问题,1
解太多,1
解散,7
解石小羽,1
解聘,19
解释,45
解除,34
解除合同,2
言,1
言志,16
警务,1
计,6
计划,10
计划案,18
计划表,1
计息,1
计提,2
计算,65
计算成本,1
计算方法,2
计算机,14
计算机信息,2
计算机系统,1
计算机网络,2
计算机软件,8
订单,4
订有,1
订立,19
订购,1
认,1
认为,159
认可,97
认同,4
认定,267
认真完成,2
认知,1
认缴,9
认证,17
认识,3
认购,1
讨论,9
让,3
训练,1
议事,1
议案,1
议题,1
讯问,4
记,1
记事本,1
记入,1
记录,19
记账,24
记账单,1
记载,50
记述,1
讲究,1
许凌君,16
许可,15
许可证,7
论证,2
论述,8
讼累,1
设,8
设备,47
设定,3
设施,1
设立,125
设立登记,1
设置,6
设计,15
设账,1
访谈,2
证,5
证书,6
证人,26
证券,3
证券法,1
证实,24
证据,627
证据不足,13
证据规则,10
证明,401
证明书,3
证照,8
证监会,1
证言,22
评估,13
评估价,2
评估费,1
评判,6
评定,2
评析,2
评核,6
评级,11
评述,2
诉,2
诉争,10
诉前,1
诉权,7
诉求,12
诉法,1
诉洪谦,1
诉状,3
诉称,7
诉累,1
诉至,1
诉讼,234
诉讼时效,40
诉讼案,1
诉讼法,163
诉讼请求,231
诉讼费,7
诉讼费用,12
诉请,45
诉辩,8
诊疗,1
译本,2
诓骗,1
试想,1
诚信,3
诚实,1
诚实信用,3
诚捷,2
诚然,1
话,1
话费,1
询问,4
询问笔录,4
该,357
该些,4
该份,6
该函,1
该卡,1
该国,2
该家,1
该条,4
该案,6
该次,1
该款,7
该法,1
该点,1
该瑞湾,1
该种,1
该笔,12
该组,2
该节,2
该表,3
该证据,49
该院,13
该项,37
详细分析,1
详见,1
语音,3
误写,1
说,7
说明,42
说明书,4
说来,1
说法,4
说理,1
请,10
请款,1
请求,152
请求权,29
诸,1
诸多,1
诺浦菲,1
课程,9
谁,2
谁主张,4
谁举证,4
调动,1
调取,20
调处,1
调整,8
调查,11
调查取证,3
调查结果,1
调档,1
调研,1
调至,1
调薪,2
谈,1
谈判,1
谈话,9
谋利,1
谋取,107
谋取私利,1
谋求,1
谢,1
谢勇,1
谢宏,1
谢琦永,1
谢琦永周,1
谢芳,30
谢芳于,1
谢芳信,1
谢芳及,1
谢芳系,1
谢远忠,7
谢远忠为,1
谨慎,1
谭,11
谭仁堂,1
谷丽娜,1
豪杰,2
豪腾,1
豫星,1
豫道,2
贝叶,1
贝因美,96
负,1
负债,4
负债表,9
负担,307
负数,1
负有,97
负责,53
负责人,69
负责管理,1
贡献,1
财产,59
财产性,1
财产权,1
财产权利,2
财产纠纷,1
财务,78
财务会计,2
财务制度,2
财务咨询,1
财务报告,3
财务报表,4
财务收支,1
财务数据,4
财务状况,2
财务管理,3
财务经理,3
财务部,2
财富,1
财报,1
财政厅,1
财政部门,1
财物,1
责任,239
责任人,1
责任保险,2
责任法,7
贤明,10
账,2
账上,1
账册,12
账务,1
账单,6
账号,7
账外,1
账户,62
账户就,1
账本,3
账款,2
账目,19
账簿,17
货,1
货品,5
货款,18
货物,13
货物运输,1
货运,2
质保,1
质疑,1
质证,34
质量,1
购买,11
购入,1
购货,3
购销,2
贵州,2
贵港,4
贵港市,1
贷款,6
贷记,1
贸易,7
费,21
费为,4
费及,1
费对,1
费是,3
费用,68
费而非,1
贾佳秀,1
贾某,5
资,1
资产,14
资博,1
资合,1
资料,22
资料卡,1
资本,2
资格,9
资深,1
资源,12
资源管理,1
资讯,2
资质,4
资金,57
资金占用,2
资金投入,1
赋予,8
赔偿,220
赔偿义务,3
赔偿损失,31
赔偿款,2
赔偿金,5
赔偿额,1
赖以,3
赖秀萍,11
赘述,8
赚取,2
赛,15
赛克,2
赛邦,8
赞同,2
赞成,1
赞普,4
赠与,1
赢,1
赢利,1
赢得,1
走,2
赵,3
赵东波,5
赵尔坤,2
赵德义,1
赵才,5
赵才海,25
赵晓洁,2
赵栋,2
赵虹,5
赵雪燕,26
赵雪燕于,2
赵雪燕及,2
赵雪燕均,1
赵雪艳,1
赵雪艳肖,1
起,12
起以,1
起到,1
起哲尚,1
起点,3
起租,1
起算,2
起诉,79
起诉书,2
起诉状,7
超,1
超出,12
超市,3
超越,1
超过,19
超额,2
越东,1
越峰,13
越权,1
趋势,1
足以,6
足以认定,2
足够,3
距离,1
跟,4
跟踪,2
跨,1
跨度,2
路,6
路易丝,2
路桥,1
路途,1
身为,1
身份,84
身份证明,1
身体,1
车,1
车位,9
车型,1
车辆,3
转,4
转为,4
转介该,1
转付,2
转入,12
转出,3
转到,1
转包,2
转去,1
转变,1
转售,2
转回,1
转嫁,1
转款,7
转正,1
转租,1
转租给,1
转移,9
转给,2
转至志凯,1
转至津陵,1
转让,105
转让方,1
转让款,6
转让金,2
转账,18
软件,22
软件产品,1
软件开发,5
软件系统,1
软体,2
软膜,1
载,3
载体,5
载明,44
较,6
较为,3
较为简单,2
较大,3
辅助,2
辅导,1
辅材,1
辉石,3
辛颖梅,2
辞任,1
辞去,11
辞职,14
辞退,3
辨称,1
辩,1
辩护,2
辩护人,3
辩称,14
辩解,5
辰,9
辽,6
辽宁,7
辽宁省,4
达,56
达到,9
达成,8
达成协议,2
迅闪,15
过,28
过于,2
过低,1
过兴港,1
过分,2
过往,1
过晟睿,1
过来,3
过程,33
过错,9
过错责任,1
迈,1
迈特,19
运作,1
运动服,1
运动服装,2
运用,2
运营,11
运行,2
运费,1
运转,1
近,5
近三年,1
近似,1
近医通,1
返利,1
返还,81
还,32
还应,1
还是,12
还有,6
还款,4
还称,1
还要,2
这,12
这一,5
这三家,1
这个,16
这些,7
这份,4
这才,1
这样,3
这次,1
这种,3
这辆,1
这边,1
这部分,1
这里,1
进,1
进一步,11
进不出,1
进入,5
进出,2
进出口,13
进去,1
进口,8
进度,1
进而,6
进行,173
进货,18
进货价格,2
进过,1
进酒权,1
远,2
远大,25
远景,23
远远,5
远高于,1
违反,408
违反规定,3
违法,24
违法行为,7
违约,7
违约责任,3
违约金,2
违背,8
违规,5
连,1
连任,2
连带,11
连带责任,27
连接器,1
连续,13
连选,2
连锁,3
迟延,61
迟迟,1
迪欧,2
追,1
追偿,1
追究,5
追索,1
追缴,1
追认,1
追讨,1
追诉,2
追责,1
退一步,1
退一步讲,2
退休,2
退出,4
退回,10
退工,1
退布,1
退汇,1
退税,1
退税款,1
退费,1
退赔,1
退还,6
送货,4
送达,114
适切,2
适当,3
适格,21
适格性,1
适用,78
适用法律,41
逃税,1
逃避,2
逆向,2
选举,7
选出,5
选择,6
选择权,2
选矿,1
透明,1
透露,3
逐一,5
递交,108
途径,7
逖,5
通,1
通信,1
通信地址,1
通信费,9
通常,1
通报,1
通用,1
通知,35
通知书,5
通知函,1
通行证,2
通讯,2
通过,75
通过鉴定,1
造成,113
逻辑,1
逻辑推理,1
逾期,15
遂,2
遏止,1
道歉,2
遗漏,4
遗留问题,1
遭到,2
遭受,4
遮阳,5
遵守,44
遵循,1
遵照,1
避免,1
邀请函,1
邓伟军,5
邓小英,5
邓小英经,1
邓新娣,8
那,3
那个,3
那么,10
那样,2
那特,1
那边,1
邦,10
邮件,28
邮寄,1
邮箱,2
邱水来,2
邵丹,5
邵丹因,2
邵丹应,1
郑丹,11
郑州,3
郑州市,4
郑袆,1
郝俊,28
郝俊在玖度,1
郝俊系,1
郝春艳,6
部,3
部分,103
部门,27
部门经理,1
郭宏军,2
郭慧轩,29
郭永强,15
郭红郁旭波,1
郭辉,2
都,34
都江堰,2
鄂,1
鄞县,5
鄞商,1
鄞州,5
酆泽,6
酌减,1
酌定,13
酌情,16
配件,2
配偶,15
配合,4
配备,2
酒,1
酒店,1
酩庄,18
酷指,4
酿成,1
采信,65
采取,2
采取相应,1
采纳,31
采购,19
采购供应,1
释明,8
里,7
重,1
重做,1
重叠,2
重合,20
重复,13
重复本,1
重大,5
重大过失,1
重审,1
重庆,14
重庆市,11
重建,1
重新,4
重现,1
重组,3
重要,10
量,1
金,37
金义,2
金博,2
金天鹏,29
金学,12
金属,5
金属制品,1
金属材料,3
金徕,57
金心,1
金心心,4
金慧,2
金昌,10
金残,1
金水区,1
金钱,22
金额,79
鉴于,22
鉴定,17
鉴定书,1
鉴定费,5
鑫,5
鑫华,8
鑫波,13
鑫福多,1
鑫诺,28
针对,33
钟剑常,2
钟志辉,2
钟志雄,1
钢丝绳,5
钢结构,2
钧华,2
钱,12
钱瑶,10
铁军,2
铁旅,2
铁路,1
铁路局,1
铝,2
铝业,1
铝制品,1
铭钏豪,5
银泰,1
银球,2
银行,31
银行卡,17
银行帐号,1
银行帐户,1
银锋,4
银锋牌,1
铸造,4
链,1
销冠,1
销售,95
销售业务,1
销售主管,3
销售价格,1
销售员,1
销售收入,1
销售款,2
销售部,2
销售额,2
锂,13
锂宇,24
锂离子,1
错位,1
错误,14
锦江区,1
锦绣,1
镇民,1
镇江,5
镇江市,2
镇路,1
镇静,1
镇魂,2
长,1
长信,1
长城,3
长宁,1
长宁区,2
长安,4
长峰,3
长时间,1
长春,1
长春市,1
长江,2
长沙,1
长沙市,1
长达,1
长远,1
长顺,1
门业,1
门头沟,1
门球,7
门诊部,10
门面,1
问答,1
问询,1
问题,114
间,11
间接,5
间隔,1
阀门,1
阅报栏,1
阐明,1
阐述,1
防于,1
阶段,7
阻挠,1
阻止,1
附,2
附件,6
附属,2
附有,4
附表,2
附随,1
陆,4
陆义,10
陆犀莉,2
陆续,3
陆豹,2
陆运,19
陆远,8
陈,24
陈亚玲,6
陈亚莉,3
陈亚莉于,1
陈亮,20
陈俊良,2
陈倩,1
陈子,2
陈子荣,11
陈志雄,3
陈操宇,2
陈旭,1
陈晓新,5
陈晓波,1
陈晖,5
陈晖本,1
陈朝,2
陈桂云,17
陈桂云为,1
陈桂云于,1
陈桂云代,2
陈桂云应,1
陈江,2
陈爱娇,1
陈设,1
陈述,45
陈钰,1
降低,1
限,1
限于,3
限制,20
限制性,1
限售,1
限定,1
限度,1
院,2
院区,1
院经,1
除,13
除中,1
除卡考,1
除名,2
除外,6
除应,3
除恶,1
除有,1
除游昌胜,2
除经,1
陶雪,4
陷于,1
隆鑫,1
随后,2
随意,1
随时,3
随着,2
隐名,8
隐瞒,5
隐蔽性,1
障碍,1
隶属,1
难,1
难予,2
难以,31
难以确定,1
集中,2
集体,1
集团,18
集团公司,27
集资,1
雇主,1
雇佣,3
雇员,1
雍容,1
雪松,28
零,3
零七,1
零元,2
零售,10
零星,1
零部件,4
雷同,2
需,17
需从,1
需向,4
需对,1
需承担,2
需知,1
需经,1
需要,34
霍,1
霜,1
青,5
青岛,1
青春,2
青民二初,2
青浦区,2
青海,13
靓点,4
静安区,1
非,17
非不经,1
非专利,2
非国有,2
非德盾,1
非德远,1
非正常,1
非法,13
非法所得,1
非法收入,9
非浩迈,1
非税,1
非该,1
靠,1
面临,1
革,1
革力,1
靳立蕊,8
韦,3
韦品,9
韦孚,9
韩涛,22
韩涛晟睿,1
韵合,2
页,1
项,8
项下,2
项志秋,8
项志秋为,1
项晨,2
项目,240
项目前期,1
项目管理,1
项目经理,3
项目部,1
顺,14
顺利进行,2
须,7
须知,6
顾,2
顾均,1
顾钧,2
颁发,3
预,2
预交,27
预估,1
预先,1
预决算,1
预缴,3
预设,1
领,31
领取,12
领域,7
领导,3
领款,1
颐,2
额,1
额之差,1
额向,1
额外,7
额度,1
额故,1
风声,5
风景,1
风险,4
飞尔,22
飞法法,10
飞腾,1
食品,29
食油,3
餐饮,9
餐饮公司,30
饶,1
馆,1
首付款,1
首位,1
首先,53
首届,2
首要,5
香港,6
香精香料,1
香肠,7
马,28
马元,10
马利祥,2
马国生,1
马新,2
马新文,6
马新文系,2
马晶春,1
马艳,4
驰铁,8
驳回,149
驳回上诉,77
驻,6
驻外,1
骆,1
骆永基,2
验收,2
验资,1
骏信,7
骨语,2
高,5
高于,2
高低,1
高出,1
高压氧,2
高娟,11
高度,7
高新,1
高新区,2
高新技术,3
高科,5
高科技,2
高管,83
高管华,1
高红涛,11
高级,551
高级人民法院,9
高院,1
高频,1
鲁,11
鲍一敏,3
鲍继明,2
麒泓,1
麟,2
麻烦,1
黄,13
黄先国,3
黄历,5
黄忠,5
黄日山,3
黄春霞,1
黄永伟,1
黄燕,1
黄瑛,2
黄继宏,4
黄继宏翁,1
黄远风,1
黎明,13
黑头,1
默认,2
黛永,7
鼎力,4
鼎竺,2
齐全,1
齐材,8
龙岗区,1
龙文,8
龙泉,1
龙泽宜,3
龙溪,3
龙象,1
﹤,3
﹥,3
！,9
％,2
＊,14
．,3
／,2
＜,1
＞,1
［,1
